,bus,highway,lines,name,network,operator,public_transport,ref_name,shelter,wheelchair,latitude,longitude,id,bench,route_ref,tactile_paving,bin,lastcheck,passenger_information_display,name:HVV,lit,check_date:shelter,wheelchair:description,local_ref,covered,note,ref,departures_board,fixme,comment,check_date:tactile_paving,toilets:wheelchair,bicycle_parking,check_date:bench,source,line,surface;;;;;;;;;;;;;;;;;;
0,yes,bus_stop,5605;",Universitätsallee,HVV,KVG,platform,""Lüneburg, Scharnhorststraße (Ost)"",no,yes,53.2300910,10.4052614,270544778,,,,,,,,,,,,,,,,,,,,,,,,";;;;;;;;;;;;;;;;;
"1,,bus_stop,,Bei Mönchsgarten,HVV,KVG,platform,""Lüneburg, Bei Mönchsgarten"",no,limited,53.2529278,10.3904939,293938387,no,5009";ASM,no,,,,,,,,,,,,,,,,,,,,,;;;;;;;;;;;;;;;;;
2,yes,bus_stop,5015;5110;5901;" 5918,Hermann-Löns-Straße,HVV,KVG,platform,""Lüneburg, Hermann Löns Straße"",yes,,53.2611082,10.4357546,298512342,,,,,,,,,,,,,,,,,,,,,,,,";;;;;;;;;;;;;;;
3,yes,bus_stop,5007;5110;5901;" 5918,Hermann-Löns-Straße,HVV,KVG,platform,""Lüneburg, Hermann Löns Straße"",yes,,53.2609792,10.4357131,298512345,,,,,,,,,,,,,,,,,,,,,,,,";;;;;;;;;;;;;;;
4,yes,bus_stop,5011;"5014,Wilhelm-Leuschner-Straße,HVV,KVG,platform,""Lüneburg, Wilhelm-Leuschner-Straße"",yes,limited,53.2363470,10.4442936,304485121,yes,,no,yes,20141012,no,,,,,,,,,,,,,,,,,,";;;;;;;;;;;;;;;;;
5,yes,bus_stop,5011;"5014,Graf-von-Moltke-Straße,HVV,KVG,platform,""Lüneburg, Graf-von-Moltke-Straße"",yes,,53.2372693,10.4385436,304485122,yes,,yes,yes,20141012,no,,,,,,,,,,,,,,,,,,";;;;;;;;;;;;;;;;;
6,yes,bus_stop,5011;5014;5300;5361;5362:5405;5700;5920;"5120,St.-Stephanus-Platz,HVV,KVG,platform,""Lüneburg, St.-Stephanus-Platz"",yes,yes,53.2385554,10.4347836,304485123,yes,,yes,yes,20141012,no,""Lüneburg, St.-Stephanus-Platz"",,,,,,,,,,,,,,,,,";;;;;;;;;;;
7,yes,bus_stop,5011;"5601,Konrad-Adenauer-Straße,HVV,KVG,platform,""Lüneburg, Konrad-Adenauer-Straße"",no,,53.2377656,10.4319275,304485135,yes,,yes,yes,20141012,no,,yes,,,,,,,,,,,,,,,,";;;;;;;;;;;;;;;;;
"8,yes,bus_stop,5011,Waldfriedhof,HVV,KVG,platform,""Lüneburg, Waldfriedhof"",yes,yes,53.2361294,10.4296530,304485136,yes,,no,yes,20141012,no,,,,,,,,,,,,,,,,,,";;;;;;;;;;;;;;;;;;
"9,yes,bus_stop,5011,Schäferfeld,HVV,KVG,platform,""Lüneburg, Schäferfeld"",no,,53.2378491,10.4287246,304485137,no,,no,yes,20141012,no,""Lüneburg, Schäferfeld"",,,,,,,,,,,,,,,,,";;;;;;;;;;;;;;;;;;
"10,yes,bus_stop,5011,Kurt-Schumacher-Straße,HVV,KVG,platform,""Lüneburg, Kurt-Schuhmacher-Straße"",no,,53.2401354,10.4269383,304485138,no,,no,yes,20141012,no,""Lüneburg, Kurt-Schumacher-Straße"",no,,,,,,,,,,,,,,,,";;;;;;;;;;;;;;;;;;
"11,,bus_stop,5011,Blümchensaal,HVV,KVG,platform,""Lüneburg, Blümchensaal"",no,,53.2433336,10.4230445,304485140,no,,no,no,20141012,no,""Lüneburg, Blümchensaal"",,2021-05-05,,,,,,,,,,,,,,,";;;;;;;;;;;;;;;;;;
12,yes,bus_stop,5010;" 5014,Theodor-Heuss-Straße,HVV,KVG,platform,""Lüneburg, Theodor-Heuss-Straße"",yes,,53.2462219,10.4329576,304911409,yes,,no,yes,20141026,no,,,,,,,,,,,,,,,,,,";;;;;;;;;;;;;;;;;
13,yes,bus_stop,5014;5361;5362;5405;5920;5620;" 5700,Venusberg (Johanneum),HVV,KVG,platform,""Lüneburg, Venusberg (Johanneum)"",yes,,53.2465477,10.4303141,304911410,yes,,no,yes,20141012,no,,,,,,,,,,,,,,,,,,";;;;;;;;;;;;
"14,yes,bus_stop,5014,Ziegelkamp,HVV,KVG,platform,""Lüneburg, Ziegelkamp"",yes,,53.2474105,10.4276158,304911411,yes,,yes,yes,20141012,no,,,,,,,,,,,,,,,,,,";;;;;;;;;;;;;;;;;;
15,yes,bus_stop,5007;5010;5011;5012;5014;5015;5100;5110;5300;5361;5901;5918;"5920,Am Schützenplatz,HVV,KVG,platform,""Lüneburg, Am Schützenplatz"",no,,53.2487451,10.4236403,304911412,no,,no,yes,20141026,no,,,,,,,,,,,,,,,,,,";;;;;;
"16,yes,bus_stop,,Reichenbachplatz,HVV,KVG,platform,""Lüneburg, Reichenbachplatz"",yes,yes,53.2531248,10.4106941,332563449,yes,,yes,yes,,,,,,Kein Kasseler Bord,,,,,,,,,,,,,,";;;;;;;;;;;;;;;;;;
17,yes,bus_stop,5002;5010;" 5014,Bürgeramt,HVV,KVG,platform,""Lüneburg, Bürgeramt"",no,,53.2522431,10.4092892,333235522,no,,yes,yes,,,,,,,,,,,,,,,,,,,,";;;;;;;;;;;;;;;;
"18,yes,bus_stop,,Reichenbachplatz,HVV,KVG,platform,""Lüneburg, Reichenbachplatz"",yes,,53.2528422,10.4105282,333258136,yes,,yes,,,,,,,,,,,,,,,,,,,,,";;;;;;;;;;;;;;;;;;
"19,yes,bus_stop,,Meisterweg,HVV,KVG,platform,""Lüneburg, Meisterweg"",,,53.2599086,10.4317204,349269969,,,,,,,,,,,,,,,,,,,,,,,,";;;;;;;;;;;;;;;;;;
20,yes,bus_stop,5007;5015;5110;5900;5901;" 5931,Meisterweg,HVV,KVG,platform,""Lüneburg, Meisterweg"",,,53.2598293,10.4319211,349269971,,,,,,,,,,,,,,,,,,,,,,,,";;;;;;;;;;;;;
"21,yes,bus_stop,5015,Hansestraße,HVV,KVG,platform,""Lüneburg, Hansestraße"",yes,,53.2555935,10.4261391,349269973,yes,,yes,yes,20141213,no,,yes,,,,,,,,,,,,,,,,";;;;;;;;;;;;;;;;;;
"22,yes,bus_stop,5015,Hansestraße,HVV,KVG,platform,""Lüneburg, Hansestraße"",no,,53.2553319,10.4263779,349269974,no,,no,yes,20141213,no,,yes,,,,,,,,,,,,,,,,";;;;;;;;;;;;;;;;;;
23,yes,bus_stop,5007;" 5015,Henningstraße,HVV,KVG,platform,""Lüneburg, Henningstraße"",,,53.2525633,10.4233245,349269976,,,,,,,,,,,,,,,,,,,,,,,,";;;;;;;;;;;;;;;;;
24,yes,bus_stop,5007;" 5015,Henningstraße,HVV,KVG,platform,""Lüneburg, Henningstraße"",,,53.2524243,10.4234313,349269977,,,,,,,,,,,,,,,,,,,,,,,,";;;;;;;;;;;;;;;;;
25,yes,bus_stop,5007;5012;" 5015,Pulverweg (Nord),HVV,KVG,platform,""Lüneburg, Pulverweg Nord"",no,,53.2511748,10.4224580,349269979,,,no,,,,,,,,,,,,,,,,,,,,,";;;;;;;;;;;;;;;;
"26,,bus_stop,5011,Blümchensaal,HVV,KVG,platform,""Lüneburg, Blümchensaal"",no,,53.2431934,10.4230100,349269980,no,,no,no,20141012,no,""Lüneburg, Blümchensaal"",,2021-05-05,,,,,,,,,,,,,,,";;;;;;;;;;;;;;;;;;
"27,yes,bus_stop,5011,Kurt-Schumacher-Straße,HVV,KVG,platform,""Lüneburg, Kurt-Schuhmacher-Straße"",no,,53.2405006,10.4261700,349269981,no,,no,yes,20141012,no,""Lüneburg, Kurt-Schumacher-Straße"",yes,,,,,,,,,,,,,,,,";;;;;;;;;;;;;;;;;;
"28,yes,bus_stop,5011,Schäferfeld,HVV,KVG,platform,""Lüneburg, Schäferfeld"",no,,53.2377597,10.4285451,349269983,no,,no,yes,20141012,no,""Lüneburg, Schäferfeld"",,,,,,,,,,,,,,,,,";;;;;;;;;;;;;;;;;;
29,yes,bus_stop,5011;"5610,Konrad-Adenauer-Straße,HVV,KVG,platform,""Lüneburg, Konrad-Adenauer-Straße"",no,,53.2377201,10.4313127,349269984,no,,no,yes,20141012,no,,,,,,,,,,,,,,,,,,";;;;;;;;;;;;;;;;;
30,yes,bus_stop,5011;5014;5361;"5362,St.-Stephanus-Platz,HVV,KVG,platform,""Lüneburg, St.-Stephanus-Platz"",yes,yes,53.2383835,10.4348131,349277045,yes,,yes,yes,20141012,no,""Lüneburg, St.-Stephanus-Platz"",,,,,,,,,,,,,,,,,";;;;;;;;;;;;;;;
31,yes,bus_stop,5011;"5014,Graf-von-Moltke-Straße,HVV,KVG,platform,""Lüneburg, Graf-von-Moltke-Straße"",no,,53.2366261,10.4398100,349277050,no,,yes,yes,20141012,no,,,,,,,,,,,,,,,,,,";;;;;;;;;;;;;;;;;
"32,yes,bus_stop,5011,Wilhelm-Leuschner-Straße,HVV,KVG,platform,""Lüneburg, Wilhelm-Leuschner-Straße"",no,,53.2361980,10.4439324,349277053,no,,no,no,20141012,no,,,,,,,,,,,,,,,,,,";;;;;;;;;;;;;;;;;;
"33,yes,bus_stop,5014,Wilhelm-Leuschner-Straße,HVV,KVG,platform,""Lüneburg, Wilhelm-Leuschner-Straße"",no,limited,53.2360020,10.4439416,349277058,no,,no,no,20141012,no,,,,,,,,,,,,,,,,,,";;;;;;;;;;;;;;;;;;
"34,yes,bus_stop,5014,Theodor-Haubach-Straße,HVV,KVG,platform,""Lüneburg, Theodor-Haubach-Straße"",no,limited,53.2341433,10.4422643,349277062,no,,no,no,20141012,no,,,,,,,,,,,,,,,,,,";;;;;;;;;;;;;;;;;;
"35,yes,bus_stop,,Theodor-Haubach-Straße,HVV,KVG,platform,""Lüneburg, Theodor-Haubach-Straße"",no,limited,53.2342571,10.4424649,349277066,no,,no,no,20141012,no,,,,,,,,,,,,,,,,,,";;;;;;;;;;;;;;;;;;
"36,yes,bus_stop,5014,Bülows Kamp,HVV,KVG,platform,""Lüneburg, Bülows Kamp"",yes,,53.2314995,10.4459154,349277070,yes,,no,yes,20141012,no,,,,,,,,,,,,,,,,,,";;;;;;;;;;;;;;;;;;
"37,yes,bus_stop,5014,Klosterkamp,HVV,KVG,platform,""Lüneburg, Klosterkamp"",yes,,53.2292609,10.4460096,349277075,yes,,no,no,20141012,no,,,,,,,,,,,,,,,,,,";;;;;;;;;;;;;;;;;;
"38,,bus_stop,5014,Hermann-Wagner-Straße,HVV,KVG,platform,""Lüneburg, Hermann-Wagner-Straße"",no,,53.2288883,10.4441928,349277080,no,,no,yes,20141012,no,,,2021-05-07,,,,,,,,,,,,,,,";;;;;;;;;;;;;;;;;;
"39,yes,bus_stop,5014,Theodor-Haubach-Straße,HVV,KVG,platform,""Lüneburg, Theodor-Haubach-Straße"",yes,limited,53.2347056,10.4433511,349277083,yes,,no,yes,20141012,no,,yes,,,,,,,,,,,,,,,,";;;;;;;;;;;;;;;;;;
"40,yes,bus_stop,5014,Hinrich-Wilhelm-Kopf-Straße,HVV,KVG,platform,""Lüneburg, Hinrich-Wilhelm-Kopf-Straße"",no,,53.2393598,10.4337268,349277089,no,,no,yes,20141012,no,""Lüneburg, Hinrich-Wilhelm-Kopf-Straße"",,,,,,,,,,,,,,,,,";;;;;;;;;;;;;;;;;;
41,yes,bus_stop,5010;"5014,Theodor-Heuss-Straße,HVV,KVG,platform,""Lüneburg, Theodor-Heuss-Straße"",no,,53.2462441,10.4326212,349277092,no,,no,yes,20141026,no,,,,,,,,,,,,,,,,,,";;;;;;;;;;;;;;;;;
42,yes,bus_stop,5014;5201;5361;5600;5702;" 5920,Venusberg (Johanneum),HVV,KVG,platform,""Lüneburg, Venusberg (Johanneum)"",no,,53.2464494,10.4297024,349277097,no,,yes,yes,20141210,no,,,,,,,,,,,,,,,,,,";;;;;;;;;;;;;
"43,yes,bus_stop,5014,Ziegelkamp,HVV,KVG,platform,""Lüneburg, Ziegelkamp"",no,,53.2476202,10.4275306,349277100,no,,no,no,20141012,no,,,,,,,,,,,,,,,,,,";;;;;;;;;;;;;;;;;;
"44,yes,bus_stop,,Am Sande,HVV,,platform,""Lüneburg, Am Sande A"",yes,yes,53.2477583,10.4107075,364332228,yes,5001";5003;5007;5011;5012;5015;5600;5605;"5700,no,yes,,,""Lüneburg, Am Sande (BereichA)"",yes,,,A,,,,,,,,,,,,,";;;;;;;;;;
"45,yes,bus_stop,,Am Sande,HVV,,platform,""Lüneburg, Am Sande D"",yes,yes,53.2475750,10.4107411,364332233,yes,5005";5007;5011;5014;5015;5300;5304;"5601,no,yes,,,""Lüneburg, Am Sande (Bereich D)"",yes,,,D,,,,,,,,,,,,,";;;;;;;;;;;
"46,yes,bus_stop,,Am Sande,HVV,,platform,""Lüneburg, Am Sande C"",yes,yes,53.2476477,10.4111643,364332237,yes,5001";5010;5012;5100;5110;5361;"5900,no,yes,,,""Lüneburg, Am Sande (Bereich C)"",yes,,,C,,,,,,,,,,,,,";;;;;;;;;;;;
"47,yes,bus_stop,,Am Sande,HVV,,platform,""Lüneburg, Am Sande B"",no,yes,53.2479237,10.4113761,364332242,no,5002";5005;5009;5010;5013;5014;"5200,no,yes,,,""Lüneburg, Am Sande (Bereich B)"",yes,,Kein Kasseler Bord vorhanden,B,,,,,,,,,,,,,";;;;;;;;;;;;
48,yes,bus_stop,5011;5012;5600;"5605,Blücherstraße,HVV,KVG,platform,""Lüneburg, Blücherstraße"",yes,,53.2311691,10.4000814,370660953,yes,,yes,,,,,,,,,yes,,,,,,,,,,,,";;;;;;;;;;;;;;;
"49,,bus_stop,,Imkerstieg,HVV,KVG,platform,""Lüneburg, Imkerstieg"",yes,,53.2746341,10.3887620,386915979,yes,5005";ASM,no,yes,,,,yes,,,,,,,,,,,,,,,,;;;;;;;;;;;;;;;;;
50,yes,bus_stop,5006;" 5007,Neue Straße,HVV,KVG,platform,""Adendorf, Neue Straße"",no,,53.2745250,10.4313280,387439258,no,,no,,,,,,2021-05-22,,,,Position eingemessen,618398,,,,,,,,,,";;;;;;;;;;;;;;;;;
"51,,bus_stop,,Danziger Weg,HVV,KVG,platform,""Adendorf, Danziger Weg"",yes,,53.2816633,10.4383568,387439282,yes,,yes,,,,,no,2021-03-06,,,,,,,,,,,,,,,";;;;;;;;;;;;;;;;;;
"52,yes,bus_stop,,MTV-Platz,HVV,KVG,platform,""Lüneburg, MTV-Platz"",yes,,53.2353498,10.4049563,387487106,yes,,no,yes,,,,yes,,Kein Kasseler Bord,,,,,,,,,,,,,,";;;;;;;;;;;;;;;;;;
"53,yes,bus_stop,5011,Kurpark,HVV,KVG,platform,""Lüneburg, Kurpark"",no,,53.2384105,10.4043801,387487107,yes,,no,yes,,,,no,,Kein Kasseler Bord,,,,,,,,,,,,,,";;;;;;;;;;;;;;;;;;
"54,yes,bus_stop,,Kurpark,HVV,KVG,platform,""Lüneburg, Kurpark"",yes,,53.2381017,10.4046576,387487108,yes,,yes,yes,,,,no,,Kasseler Bord vorhanden,,,,,,,,,,,,,,";;;;;;;;;;;;;;;;;;
"55,yes,bus_stop,,Uelzener Straße (Kurzentrum),HVV,KVG,platform,""Lüneburg, Uelzener Straße (Kurzentrum)"",no,yes,53.2404345,10.4044333,387487109,yes,,no,yes,,,,no,,Kein Kasseler Bord,,,,,,,,,,,,,,";;;;;;;;;;;;;;;;;;
"56,yes,bus_stop,,Munstermannskamp,HVV,KVG,platform,""Lüneburg, Munstermannskamp"",yes,,53.2321030,10.4052689,389040610,,,no,,,,,,,,,,,,,,,,,,,,,";;;;;;;;;;;;;;;;;;
"57,yes,bus_stop,""5007, 5700"",Ginsterweg,HVV,KVG,platform,""Lüneburg, Ginsterweg"",no,,53.2326736,10.3959836,409745030,no,,no,yes,,,,,,Kein Kasseler Bord,,,,,,,,,,,,,,";;;;;;;;;;;;;;;;;;
58,yes,bus_stop,5011;"5600,Am Schwalbenberg,HVV,KVG,platform,""Lüneburg, Am Schwalbenberg"",yes,,53.2459133,10.4223308,410742086,yes,,no,yes,20141012,no,,,,,,,,,,,,,,,,,,";;;;;;;;;;;;;;;;;
"59,yes,bus_stop,5011,Am Schwalbenberg,HVV,KVG,platform,""Lüneburg, Am Schwalbenberg"",no,,53.2460854,10.4222754,410742087,no,,no,yes,20141012,no,,,,,,,,,,,,,,,,,,";;;;;;;;;;;;;;;;;;
60,yes,bus_stop,5002;5003;5005;5007;5009;5010;5011;5013;5014;5015;5200;5202;5405;5600;5601;5605;5606;5700;"5702,Wallstraße (Theater),HVV,KVG,platform,""Lüneburg, Wallstraße (Theater)"",yes,,53.2456820,10.4072015,410750968,yes,,yes,yes,,,,yes,,,,,,,,,,,,,,,,"
61,yes,bus_stop,5003;5007;5011;"5300,Postamt,HVV,KVG,platform,""Lüneburg, Postamt"",yes,,53.2429593,10.4038332,410750969,yes,,no,yes,,,,yes,2021-06-13,Kein Kasseler Bord vorhanden,,,,,,,,,,,,,,";;;;;;;;;;;;;;;
62,yes,bus_stop,5011;5600;5601;5605;"5920,Uelzener Straße (Kurzentrum),HVV,KVG,platform,""Lüneburg, Uelzener Straße (Kurzentrum)"",yes,yes,53.2410330,10.4041302,410750970,yes,,yes,yes,,,,,,Kasseler Bord vorhanden,,,,,,,,,,,,,,";;;;;;;;;;;;;;
"63,yes,bus_stop,5011,MTV-Platz,HVV,KVG,platform,""Lüneburg, MTV-Platz"",no,,53.2346178,10.4048097,410750971,no,,no,yes,,,,yes,,Kein Kasseler Bord,,,,,,,,,,,,,,";;;;;;;;;;;;;;;;;;
64,yes,bus_stop,5011;5012;5600;"5605,Munstermannskamp,HVV,KVG,platform,""Lüneburg, Munstermannskamp"",no,,53.2319862,10.4050820,410750972,,,no,,,,,,,,,,,,,,,,,,,,,";;;;;;;;;;;;;;;
"65,yes,bus_stop,5201,Stadttheater,HVV,KVG,platform,""Lüneburg, Stadttheater"",yes,yes,53.2439859,10.4076949,414134112,yes,,no,no,,,,no,,,,,,,,,,,,,,,,";;;;;;;;;;;;;;;;;;
66,yes,bus_stop,5003;5007;5011;"5300,Postamt,HVV,KVG,platform,""Lüneburg, Postamt"",yes,,53.2425241,10.4042123,414134114,yes,,yes,no,,,,,,Kein Kasseler Bord vorhanden,,,,,,,,,,,,,,";;;;;;;;;;;;;;;
"67,yes,bus_stop,,Sültenweg,HVV,KVG,platform,""Lüneburg, Sültenweg"",no,yes,53.2441920,10.3929476,414134154,,5015";5919;ASM,no,,,,,,,,,,,,,,,,,,,,,;;;;;;;;;;;;;;;;
"68,yes,bus_stop,,Sültenweg,HVV,KVG,platform,""Lüneburg, Sültenweg"",no,yes,53.2440485,10.3931646,414134156,,5015";ASM,no,,,,,,,,,,,,,,,,,,,,,;;;;;;;;;;;;;;;;;
"69,,bus_stop,,Am Grasweg,HVV,KVG,platform,""Lüneburg, Am Grasweg"",no,,53.2461189,10.3881566,414137468,no,5015";5919;ASM,no,,,,,,,,,,,,,,,,,,,,,;;;;;;;;;;;;;;;;
"70,yes,bus_stop,5919,Jägerstraße,HVV,KVG,platform,""Lüneburg, Jägerstraße"",no,,53.2489566,10.3847644,414154230,no,,no,yes,,,,,,,,,,,no,,,,,,,,,";;;;;;;;;;;;;;;;;;
71,yes,bus_stop,5013;5200;5202;"5919,Johanna-Stegen-Straße,HVV,KVG,platform,""Lüneburg, Johanna-Stegen-Straße"",yes,yes,53.2494991,10.3874009,414160019,yes,,no,yes,,,,yes,,,,,,,,,,,,,,,,";;;;;;;;;;;;;;;
72,,bus_stop,5013;5202;"5919,Vor dem Neuen Tore,HVV,KVG,platform,""Lüneburg, Vor dem Neuen Tore"",no,,53.2500778,10.3924213,414160021,no,,no,,,,,,2020-12-29,,,,,,,,,,,,,,,";;;;;;;;;;;;;;;;
73,yes,bus_stop,5009;"5919,Dörnbergstraße,HVV,KVG,platform,""Lüneburg, Dörnbergstraße"",no,limited,53.2511306,10.3938125,414165032,no,,no,,,,,,,,,,,,,,,,,,,,,";;;;;;;;;;;;;;;;;
"74,,bus_stop,,Witzendorffstraße,HVV,KVG,platform,""Lüneburg, Witzendorffstraße"",no,yes,53.2565779,10.3923654,414165037,,5005";5402;5404;ASM,,,,,,,,,,,,,,Position ist nicht exakt ..,,,,,,,,;;;;;;;;;;;;;;;
75,yes,bus_stop,5005;"5919,Ebelingweg,HVV,KVG,platform,""Lüneburg, Ebelingweg"",no,,53.2614652,10.3911893,414167814,,,no,,,,,,,,,,,,,,,,,,,,,";;;;;;;;;;;;;;;;;
76,yes,bus_stop,5005;"5919,Ebelingweg,HVV,KVG,platform,""Lüneburg, Ebelingweg"",no,,53.2608777,10.3910981,414167815,,,no,,,,,,,,,,,,,,,,,,,,,";;;;;;;;;;;;;;;;;
"77,,bus_stop,,Naruto-Straße,HVV,KVG,platform,""Lüneburg, Naruto-Straße"",no,,53.2693964,10.3852786,414191748,,5005";5919;ASM,,,,,,,,,,,,,,,,,,,,,,;;;;;;;;;;;;;;;;
"78,,bus_stop,,Krähornsberg,HVV,KVG,platform,""Lüneburg, Krähornsberg"",,,53.2706226,10.3867792,414191934,,5005";5919;ASM,,,,,,,,,,,,,,,,,,,,,,;;;;;;;;;;;;;;;;
"79,,bus_stop,,Krähornsberg,HVV,KVG,platform,""Lüneburg, Krähornsberg"",,,53.2706510,10.3859737,414191937,,5005";5919;ASM,,,,,,,,,,,,,,,,,,,,,,;;;;;;;;;;;;;;;;
"80,,bus_stop,,Imkerstieg,HVV,KVG,platform,""Lüneburg, Imkerstieg"",no,,53.2750073,10.3888705,414237484,no,5005";ASM,no,no,,,,no,,,,,,,,,,,,,,,,;;;;;;;;;;;;;;;;;
"81,,bus_stop,,Teilfeld,HVV,KVG,platform,""Lüneburg, Teilfeld"",yes,yes,53.2794573,10.3895463,414237514,yes,5005";ASM,no,yes,,,,no,,,,,,,,,,,,,,,,;;;;;;;;;;;;;;;;;
82,yes,bus_stop,5002;5405;5402;"5404,Wilhelm-Hänel-Weg,HVV,KVG,platform,""Lüneburg, Wilhelm-Hänel-Weg"",yes,,53.2699592,10.4044742,414576607,yes,,,,,,,,,,,,,,,,,,,,,,,";;;;;;;;;;;;;;;
"83,,bus_stop,,Naruto-Straße,HVV,KVG,platform,""Lüneburg, Naruto-Straße"",yes,yes,53.2693031,10.3852311,415596175,,5005";ASM,,,,,,,,,,,,,,,,,,,,,,;;;;;;;;;;;;;;;;;
84,yes,bus_stop,5005;"5919,Am Wildgehege,HVV,KVG,platform,""Lüneburg, Am Wildgehege"",,,53.2686373,10.3891011,415596176,,,,,,,,,,,,,,,,,,,,,,,,";;;;;;;;;;;;;;;;;
"85,,bus_stop,,Witzendorffstraße,HVV,KVG,platform,""Lüneburg, Witzendorffstraße"",yes,,53.2567251,10.3921818,415596177,,5005";5404;ASM,,,,,,,,,,,,,,Position ist nicht exakt ..,,,,,,,,;;;;;;;;;;;;;;;;
86,yes,bus_stop,5005;5402;"5405,Laffertstraße,HVV,KVG,platform,""Lüneburg, Laffertstraße"",,,53.2555130,10.3930618,415596178,,,,,,,,,,,,,,,,,,,,,,,,";;;;;;;;;;;;;;;;
"87,yes,bus_stop,,Schomakerstraße,HVV,KVG,platform,""Lüneburg, Schomakerstraße"",no,,53.2540821,10.3996894,415596179,no,5005";ASM,no,,,,,,,,,,,,,,,,,,,,,;;;;;;;;;;;;;;;;;
"88,yes,bus_stop,""5005, 5013"",Am Springintgut,HVV,KVG,platform,""Lüneburg, Am Springintgut"",no,,53.2521255,10.4002528,415596180,,,,,,,,,,,,,,,,,,,,,,,,";;;;;;;;;;;;;;;;;;
89,yes,bus_stop,5005;5009;5013;5200;"5202,Am Graalwall,HVV,KVG,platform,""Lüneburg, Am Graalwall"",yes,,53.2509053,10.4027651,415596181,yes,,yes,yes,,,,,,,,,,,,,,,,,,,,";;;;;;;;;;;;;;
90,yes,bus_stop,5002;5005;5009;5010;5013;5014;5200;5202;"5405,Neue Sülze,HVV,KVG,platform,""Lüneburg, Neue Sülze"",yes,,53.2478008,10.4040892,415596182,yes,,no,,,,,,,,,,,,,,,,,,,,,";;;;;;;;;;
91,yes,bus_stop,5002;5005;5009;5010;5013;5014;5015;5200;5202;"5405,Lambertiplatz,HVV,KVG,platform,""Lüneburg, Lambertiplatz"",yes,yes,53.2456516,10.4031072,415596183,yes,,no,yes,,,,yes,,Kein Kasseler Bord vorhanden,,,,,,,,,,,,,,";;;;;;;;;
92,yes,bus_stop,5002;5003;5005;5007;5009;5010;5011;5013;5014;5015;5200;5202;5405;5600;5601;5605;5606;5700;" 5702,Wallstraße (Theater),HVV,KVG,platform,""Lüneburg, Wallstraße (Theater)"",no,,53.2457891,10.4083271,415596184,no,,yes,yes,,,,,,,,,,,,,,,,,,,,"
93,yes,bus_stop,5005;"5919,Am Wildgehege,HVV,KVG,platform,""Lüneburg, Am Wildgehege"",,,53.2687703,10.3891976,415971818,,,,,,,,,,,,,,,,,,,,,,,,";;;;;;;;;;;;;;;;;
94,yes,bus_stop,5005;5402;"5405,Laffertstraße,HVV,KVG,platform,""Lüneburg, Laffertstraße"",no,,53.2553445,10.3943276,415971819,,,no,,,,,,,,,,,,,,,,,,,,,";;;;;;;;;;;;;;;;
95,yes,bus_stop,5002;5010;"5014,Markt,HVV,KVG,platform,""Lüneburg, Markt"",no,yes,53.25078,10.40891,415971821,no,,no,yes,,,,yes,,Kein Kasseler Bord vorhanden,,,,,,,,,,,,,,";;;;;;;;;;;;;;;;
96,yes,bus_stop,5002;5005;5009;5010;5013;5014;516;5200;"5202,Rathaus,HVV,KVG,platform,""Lüneburg, Rathaus"",yes,,53.2506572,10.4068106,415971822,,,,,,,,yes,,,,,,,,,,,,,,,,";;;;;;;;;;
97,yes,bus_stop,5001;"5012,Kefersteinstraße (UNI),HVV,KVG,platform,""Lüneburg, Kefersteinstraße/Universität"",no,yes,53.2406193,10.4102138,417024690,no,,no,yes,,,,,,Kein Kasseler Bord,,,,,,,,,,,,,,";;;;;;;;;;;;;;;;;
98,yes,bus_stop,5001;"5012,Kefersteinstraße (UNI),HVV,KVG,platform,""Lüneburg, Kefersteinstraße/Universität"",yes,yes,53.2411862,10.4103360,417024692,no,,no,yes,,,,,2021-09-14,Kein Kasseler Bord,,,,,,,,,,,,,,";;;;;;;;;;;;;;;;;
"99,yes,bus_stop,5012,Pulverweg (Nord),HVV,KVG,platform,""Lüneburg, Pulverweg Nord"",no,,53.2510755,10.4224499,420486169,,,no,,,,,,,,,,,,,,,,,,,,,";;;;;;;;;;;;;;;;;;
100,yes,bus_stop,5002;5010;" 5014,Bürgeramt,HVV,KVG,platform,""Lüneburg, Bürgeramt"",no,yes,53.2523442,10.4095164,430086360,yes,,yes,yes,,,,,,,,,,,,,,,,,,,,";;;;;;;;;;;;;;;;
"101,yes,bus_stop,5014,Am Kreideberg,HVV,KVG,platform,""Lüneburg, Am Kreideberg"",no,yes,53.2551640,10.4042363,430086361,,,no,,,,,,,,,,,,,,,,,,,,,";;;;;;;;;;;;;;;;;;
"102,yes,bus_stop,5014,Stöteroggestraße (Süd),HVV,KVG,platform,""Lüneburg, Stöteroggestraße (Süd)"",no,,53.2556211,10.4020549,430086363,,,no,,,,,,,,,,,,,,,,,,,,,";;;;;;;;;;;;;;;;;;
"103,yes,bus_stop,5014,Boizenburger Straße,HVV,KVG,platform,""Lüneburg, Boizenburger Straße"",no,limited,53.2574691,10.3989629,430086365,no,,no,yes,,,,no,,,,,,,,,,,,,,,,";;;;;;;;;;;;;;;;;;
"104,yes,bus_stop,5014,Thorner Straße (West),HVV,KVG,platform,""Lüneburg, Ostpreußenring"",no,,53.2585943,10.3943921,430086366,,,,,,,,,,,,,,,,,,,,,,,,";;;;;;;;;;;;;;;;;;
105,,bus_stop,5014;5405;5404;5919;" 5402,Thorner Platz,HVV,KVG,platform,""Lüneburg, Thorner Platz"",no,,53.2595982,10.3997927,430086367,yes,,no,yes,,,,,,Kein Kasseler Bord,,,,,,,,,,,,,,";;;;;;;;;;;;;;
"106,,bus_stop,5014,Salzwedeler Straße,HVV,KVG,platform,""Lüneburg, Salzwedeler Straße"",no,,53.2606612,10.4032549,430086368,no,,no,yes,,,,no,2021-07-27,,,,,,,,,,,,,,,";;;;;;;;;;;;;;;;;;
"107,,bus_stop,5014,Elbinger Straße,HVV,KVG,platform,""Lüneburg, Elbinger Straße"",no,,53.2627146,10.4028514,430086370,,,,,,,,,,,,,,,,,,,,,,,,";;;;;;;;;;;;;;;;;;
"108,,bus_stop,,Dessauer Straße,HVV,KVG,platform,""Lüneburg, Dessauer Straße"",no,,53.2641491,10.4014620,430086371,no,5014";ASM,no,no,,,,no,,,,,,,,,,,,,,,,;;;;;;;;;;;;;;;;;
"109,,bus_stop,5014,Magdeburger Straße,HVV,KVG,platform,""Lüneburg, Magdeburger Straße"",no,,53.2665580,10.3993732,430086372,no,,yes,yes,,,,yes,,,,,,,,,,,,,,,,";;;;;;;;;;;;;;;;;;
"110,,bus_stop,,Stöteroggestraße (Nord),HVV,KVG,platform,""Lüneburg, Stöteroggestraße (Nord)"",yes,,53.2644566,10.3993537,430086374,yes,5014";ASM,yes,yes,,,,yes,,,,,,,,,,,,,,,,;;;;;;;;;;;;;;;;;
"111,,bus_stop,5014,Elbinger Straße,HVV,KVG,platform,""Lüneburg, Elbinger Straße"",yes,,53.2623257,10.4027379,430086375,,,,,,,,,,,,,,,,,,,,,,,,";;;;;;;;;;;;;;;;;;
"112,,bus_stop,5014,Salzwedeler Straße,HVV,KVG,platform,""Lüneburg, Salzwedeler Straße"",yes,,53.2601101,10.4029658,430086376,yes,,no,yes,,,,yes,2021-07-14,,,,,,,,,,,,,,,";;;;;;;;;;;;;;;;;;
113,,bus_stop,5014;5405;5404;5919;" 5402,Thorner Platz,HVV,KVG,platform,""Lüneburg, Thorner Platz"",yes,,53.2596588,10.3995589,430086377,yes,,no,yes,,,,,2020-11-22,Kein Kasseler Bord,,,,,,,,,,,,,,";;;;;;;;;;;;;;
"114,yes,bus_stop,5014,Thorner Straße (West),HVV,KVG,platform,""Lüneburg, Ostpreußenring"",no,,53.2587027,10.3942871,430086378,,,,,,,,,,,,,,,,,,,,,,,,";;;;;;;;;;;;;;;;;;
"115,yes,bus_stop,5014,Boizenburger Straße,HVV,KVG,platform,""Lüneburg, Boizenburger Straße"",no,,53.2575315,10.3990604,430086380,,,,,,,,,,,,,,,,,,,,,,,,";;;;;;;;;;;;;;;;;;
"116,yes,bus_stop,5014,Stöteroggestraße (Süd),HVV,KVG,platform,""Lüneburg, Stöteroggestraße (Süd)"",no,,53.2555911,10.4018548,430086382,,,no,,,,,,,,,,,,,,,,,,,,,";;;;;;;;;;;;;;;;;;
"117,yes,bus_stop,5014,Am Kreideberg,HVV,KVG,platform,""Lüneburg, Am Kreideberg"",no,,53.2550643,10.4029039,430086383,,,no,,,,,,,,,,,,,,,,,,,,,";;;;;;;;;;;;;;;;;;
118,yes,bus_stop,5002;5005;5009;5010;5013;5014;516;5200;"5202,Rathaus,HVV,KVG,platform,""Lüneburg, Rathaus"",yes,limited,53.2506970,10.4064691,430086384,yes,,,,,,,yes,,,,,,,,,,,,,,,,";;;;;;;;;;
"119,yes,bus_stop,,Wallstraße,HVV,KVG,platform,""Bardowick, Wallstraße"",no,,53.3009499,10.3864893,455975995,no,5002";5402;5405,no,,,,,,2021-05-04,,,,,,,,,,,,,,,;;;;;;;;;;;;;;;;
"120,yes,bus_stop,,Wallstraße,HVV,KVG,platform,""Bardowick, Wallstraße"",no,,53.3007034,10.3866257,455975996,yes,5402";5405,no,,,,,,2021-05-04,,,,,,,,,,,,,,,;;;;;;;;;;;;;;;;;
"121,,bus_stop,,Elba,HVV,KVG,platform,""Adendorf, Elba"",no,,53.2961666,10.4271323,455998982,no,,no,no,,,,no,,,,,,,,,,,,,,,,";;;;;;;;;;;;;;;;;;
122,,bus_stop,,Finkenweg,HVV,PVG,platform,,no,limited,53.2704586,10.3619305,470357781,no,5009;5404;ASM,no,,,,,,,,,,,,,,,,,,,,,;;;;;;;;;;;;;;;;
123,,bus_stop,5100;5120;"5010,Lilienthalstraße,HVV,KVG,platform,""Lüneburg, Lilientalstraße"",no,,53.2437212,10.4599879,471792857,no,5100";5120;5010,no,no,20141026,no,,,,,,,,,,,,,,,,,,;;;;;;;;;;;;;;
124,,bus_stop,5100;5120;"5010,Lilienthalstraße,HVV,KVG,platform,""Lüneburg, Lilientalstraße"",no,,53.2439929,10.4598425,471792859,no,5100";5120;5010,no,no,20141026,no,,,,,,,,,,,,,,,,,,;;;;;;;;;;;;;;
125,,bus_stop,5010;5100;"5120,Von-Stern-Straße,HVV,KVG,platform,""Lüneburg, Von-Stern-Straße"",no,,53.2457330,10.4625961,471794057,no,5010";5100;5120,no,no,20141026,no,,,,,,,,,,,,,,,,,,;;;;;;;;;;;;;;
126,,bus_stop,5010;5100;"5120,Von-Stern-Straße,HVV,KVG,platform,""Lüneburg, Von-Stern-Straße"",no,,53.2461870,10.4625665,471794058,no,5010";5100;5120,no,no,20141026,no,,,,,,,,,,,,,,,,,,;;;;;;;;;;;;;;
127,,bus_stop,5010;5100;"5120,Eisenwerk,HVV,KVG,platform,""Lüneburg, Eisenwerk"",no,,53.2493580,10.4692372,471794059,no,5010";5100;5120,no,no,20141026,no,,,,,,,,,,,,,,,,,,;;;;;;;;;;;;;;
128,,bus_stop,5010;5100;"5120,Eisenwerk,HVV,KVG,platform,""Lüneburg, Eisenwerk"",no,,53.2494862,10.4706737,471794060,no,5010";5100;5120,no,no,20141026,no,,,,,,,,,,,,,,,,,,;;;;;;;;;;;;;;
"129,,bus_stop,5010,Gebrüder-Heyn-Straße,HVV,KVG,platform,""Lüneburg, Gebrüder-Heyn-Straße"",no,,53.2481610,10.4656699,471796358,no,5010,no,no,20141026,no,,,,,,,,,,,,,,,,,,";;;;;;;;;;;;;;;;;;
"130,,bus_stop,5010,Gebrüder-Heyn-Straße,HVV,KVG,platform,""Lüneburg, Gebrüder-Heyn-Straße"",no,,53.2485291,10.4674338,471796359,no,5010,no,no,20141026,no,,,,,,,,,,,,,,,,,,";;;;;;;;;;;;;;;;;;
"131,yes,bus_stop,,Hagen-Schule,HVV,KVG,platform,""Lüneburg, Hagen/Schule"",,,53.2440639,10.4473637,471796360,,5012";5100;5120;5300;5304;5362;5402;5700,,,,,,,,,,,,,,,,,,,,,,;;;;;;;;;;;
"132,yes,bus_stop,,Hagen-Schule,HVV,KVG,platform,""Lüneburg, Hagen/Schule"",,,53.2439653,10.4472914,471796361,,5012";5100;5120;5304;5362,,,,,,,,,,,,,,,,,,,,,,;;;;;;;;;;;;;;
"133,yes,bus_stop,5012,Wacholderweg,HVV,KVG,platform,""Lüneburg, Wacholderweg"",,,53.2452459,10.4425033,471796939,,5012,,,,,,,,,,,,,,,,,,,,,,";;;;;;;;;;;;;;;;;;
"134,yes,bus_stop,5012,Wacholderweg,HVV,KVG,platform,""Lüneburg, Wacholderweg"",,,53.2450868,10.4426751,471796940,,5012,,,,,,,,,,,,,,,,,,,,,,";;;;;;;;;;;;;;;;;;
"135,yes,bus_stop,5012,Ahornweg,HVV,KVG,platform,""Lüneburg, Ahornweg"",,,53.2465445,10.4381585,475959143,,5012,,,,,,,,,,,,,,,,,,,,,,";;;;;;;;;;;;;;;;;;
"136,yes,bus_stop,5012,Ahornweg,HVV,KVG,platform,""Lüneburg, Ahornweg"",,,53.2465456,10.4380611,475959146,,5012,,,,,,,,,,,,,,,,,,,,,,";;;;;;;;;;;;;;;;;;
"137,,bus_stop,5007,Sportzentrum,HVV,,platform,""Adendorf, Sportzentrum"",yes,,53.2890979,10.4553245,481025366,yes,,no,yes,,,,,,Kein Kasseler Bord,,,,,,,,,,,,,,";;;;;;;;;;;;;;;;;;
"138,,bus_stop,,Danziger Weg,HVV,KVG,platform,""Adendorf, Danziger Weg"",yes,,53.2817328,10.4380449,483624333,yes,,yes,,,,,no,2021-03-06,,,,,,,,,,,,,,,";;;;;;;;;;;;;;;;;;
"139,,bus_stop,,Weinbergsweg Schule,HVV,KVG,platform,""Adendorf, Weinbergsweg Schule"",yes,,53.2822368,10.4327074,483624340,yes,,no,,,,,,2020-11-15,,,,,,,,,,,,,,,";;;;;;;;;;;;;;;;;;
"140,,bus_stop,,Weinbergsweg Schule,HVV,KVG,platform,""Adendorf, Weinbergsweg Schule"",no,,53.2822383,10.4324878,483624347,no,,no,,,,,,2020-11-15,,,,,,,,,,,,,,,";;;;;;;;;;;;;;;;;;
"141,,bus_stop,,Landwehr,HVV,KVG,platform,""Lüneburg, Landwehr"",no,,53.2839468,10.3957654,522791942,,4714";5002;5402;5405;ASM,,,,,,,,,,,,,,,,,,,,,,;;;;;;;;;;;;;;
"142,yes,bus_stop,,Hagemannsweg,HVV,KVG,platform,""Lüneburg, Hagemannsweg"",yes,,53.2810195,10.3983505,522795523,,,no,,,,,,,,,,,,,,,,,,,,,";;;;;;;;;;;;;;;;;;
143,,bus_stop,,Schulzentrum,HVV,,platform,,,,53.2896025,10.4967743,534267751,,,,,,,,,,,,,,,,,,,,,,,,;;;;;;;;;;;;;;;;;;
144,,bus_stop,,Schulzentrum,HVV,,platform,,,,53.2896378,10.4965926,534267752,,,,,,,,,,,,,,,,,,,,,,,,;;;;;;;;;;;;;;;;;;
145,,bus_stop,,Schulzentrum,HVV,,platform,,,,53.2897092,10.4964247,534267753,,,,,,,,,,,,,,,,,,,,,,,,;;;;;;;;;;;;;;;;;;
146,,bus_stop,,Schulzentrum,HVV,,platform,,,,53.2895904,10.4969426,534267764,,,,,,,,,,,,,,,,,,,,,,,,;;;;;;;;;;;;;;;;;;
"147,,bus_stop,5007,Von-Stauffenberg-Straße,HVV,,platform,""Adendorf, Von-Stauffenberg-Straße"",no,,53.2822140,10.4401651,546443196,yes,,no,no,,,,no,,,,,,,,,,,,,,,,";;;;;;;;;;;;;;;;;;
"148,,bus_stop,,Rauher Weg,HVV,KVG,platform,""Adendorf, Rauher Weg"",yes,,53.2764870,10.4348750,550132882,yes,,yes,,,,,,2021-03-20,,,,Position eingemessen,,,,,,,,,,,";;;;;;;;;;;;;;;;;;
"149,,bus_stop,,Rauher Weg,HVV,KVG,platform,""Adendorf, Rauher Weg"",no,,53.2767030,10.4351730,550132886,no,,yes,no,,,,,2021-03-20,,,,Position eingemessen,,,,,,,,,,,";;;;;;;;;;;;;;;;;;
"150,,bus_stop,,Im Sande,HVV,KVG,platform,""Bardowick, Im Sande"",no,,53.2970004,10.3858532,566592811,yes,5002,,,,,,,,,,,,,,,,,,,,,,";;;;;;;;;;;;;;;;;;
"151,,bus_stop,,Kulturforum Wienebüttel,HVV,KVG,platform,""Lüneburg, Kulturforum Wienebüttel"",,limited,53.2644052,10.3744107,574834364,,5009";ASM,,,,,,,,,,,,,,,,,,,,,,;;;;;;;;;;;;;;;;;
"152,,bus_stop,,""Brietlingen, Schierenweg"",,,platform,,yes,,53.3141351,10.4343011,577733851,yes,5900";5903;5904;ASM,yes,yes,,,,yes,,,,,,,,,,,,,,,,;;;;;;;;;;;;;;;
"153,yes,bus_stop,,Schwarzer Weg,HVV,KVG,platform,""Lüneburg, Schwarzer Weg"",no,,53.2715467,10.4283840,595316447,no,,no,yes,,,,yes,,,,,,,,,,,,,,,,";;;;;;;;;;;;;;;;;;
"154,,bus_stop,,Gut Olm,HVV,KVG,platform,""Lüneburg, Gut Olm"",,,53.2614926,10.4541438,596510627,,,,,,,,,,,,,,,,,,,,,,,,";;;;;;;;;;;;;;;;;;
"155,,bus_stop,,Gut Olm,HVV,KVG,platform,""Lüneburg, Gut Olm"",no,,53.2616850,10.4549871,596510629,,,,,,,,,,,,,,,,,""hier fahren auch diese busse ab: 5007,5110,5901,5901,5918,5931,ASM(Anruf Sammel Mobiel 04131/53344)"",,,,,,,";;;;;;;;;;;;;;;;;;
"156,yes,bus_stop,,Abzweigung Ebensberg,HVV,KVG,platform,""Lüneburg, Abzweigung Ebensberg"",,,53.2637503,10.4600774,596510630,,,,,,,,,,,,,,,,,,,,,,,,";;;;;;;;;;;;;;;;;;
"157,yes,bus_stop,,Abzweigung Ebensberg,HVV,KVG,platform,""Lüneburg, Abzweigung Ebensberg"",,,53.2651360,10.4622001,596510632,,,,,,,,,,,,,,,,,,,,,,,,";;;;;;;;;;;;;;;;;;
"158,yes,bus_stop,,Erbstorfer Landstraße,HVV,KVG,platform,""Erbstorf, Erbstorfer Landstraße"",no,,53.2739834,10.4778683,596510634,,5110";5901;5925;5931;AST,,,,,,,,,,,,,,,,,,,,,,;;;;;;;;;;;;;;
"159,yes,bus_stop,,Erbstorfer Landstraße,HVV,KVG,platform,""Erbstorf, Erbstorfer Landstraße"",no,,53.2740163,10.4776582,596510635,,5104";5110;5901;5925;5931;AST,,,,,,,,,,,,,,,,,,,,,,;;;;;;;;;;;;;
"160,,bus_stop,,Hölderlinstraße,HVV,KVG,platform,""Lüneburg, Hölderlinstraße"",,,53.2608865,10.4436723,598165240,,,,,,,,,,,,,,,,,,,,,,,,";;;;;;;;;;;;;;;;;;
"161,yes,bus_stop,5010,Ostlandring,HVV,KVG,platform,""Lüneburg, Ostlandring"",no,,53.2420810,10.4399979,734659529,no,,no,yes,20141026,no,,,,,,,,,,,,,,,,,,";;;;;;;;;;;;;;;;;;
162,yes,bus_stop,5010,Freibad,HVV,KVG,platform,Lüneburg Freibad,no,,53.2409945,10.4423226,734659530,no,,no,no,20141210,no,,,,,,,,,,,,,,,,,,;;;;;;;;;;;;;;;;;;
"163,,bus_stop,,Kreuzkamp,HVV,KVG,platform,""Adendorf, Kreuzkamp"",no,,53.2864040,10.4364118,741395439,no,,no,,,,,,2021-05-08,,,,,,,,,,,,,,,";;;;;;;;;;;;;;;;;;
"164,,bus_stop,,Robert-Koch-Straße,HVV,KVG,platform,""Adendorf, Robert-Koch-Straße"",no,,53.2840109,10.4528497,741395458,no,,no,,,,,,,,,,,,,Lage geschätzt,,,,,,,,";;;;;;;;;;;;;;;;;;
"165,,bus_stop,5007,Friedhof,HVV,KVG,platform,""Adendorf, Dorfstraße Friedhof"",no,,53.2855037,10.4481389,741395467,no,,no,,,,,,2020-12-30,,,,,,,,,2020-12-30,,,,,,";;;;;;;;;;;;;;;;;;
"166,,bus_stop,,Heinrich Heine Siedlung,HVV,KVG,platform,""Adendorf, Heinrich Heine Siedlung"",yes,,53.2786754,10.4648710,741395484,no,5007";5925;AST,no,,,,,,,,,,,,,,,,,,,,,;;;;;;;;;;;;;;;;
"167,,bus_stop,5007,An der Bünte,HVV,KVG,platform,""Adendorf, An der Bünte"",no,,53.2803412,10.4601337,741395489,no,,no,,,,,,,,,,,,,,,,,,,,,";;;;;;;;;;;;;;;;;;
"168,,bus_stop,,Heinrich-Hille-Straße,HVV,KVG,platform,""Adendorf, Heinrich-Hille-Straße"",yes,,53.2861609,10.4428154,741395495,yes,,no,,,,,,2021-05-08,,,,,,,,,,,,,,,";;;;;;;;;;;;;;;;;;
"169,,bus_stop,,Weinbergsweg,HVV,KVG,platform,""Adendorf, Weinbergsweg"",no,,53.2853082,10.4327000,741395501,yes,,no,yes,,,,yes,2021-07-07,,,,,,,,,,,,,,,";;;;;;;;;;;;;;;;;;
"170,,bus_stop,,An der Bünte,HVV,KVG,platform,""Adendorf, An der Bünte"",no,,53.2811989,10.4583251,741395507,no,,no,,,,,,,,,,,,,,,,,,,,,";;;;;;;;;;;;;;;;;;
"171,,bus_stop,,Heinrich Heine Siedlung,HVV,KVG,platform,""Adendorf, Heinrich Heine Siedlung"",yes,,53.2788521,10.4645495,741395512,yes,5007";5918;5920;5925;AST,no,,,,,,,,,,,,,,,,,,,,,;;;;;;;;;;;;;;
"172,,bus_stop,,Kreuzkamp,HVV,KVG,platform,""Adendorf, Kreuzkamp"",no,,53.2863033,10.4364719,741395525,no,,no,,,,,,2021-05-08,,,,,,,,,,,,,,,";;;;;;;;;;;;;;;;;;
"173,,bus_stop,5007,Heinrich-Hille-Straße,HVV,,platform,""Adendorf, Heinrich-Hille-Straße"",no,,53.2860845,10.4427744,741395527,no,,no,,,,,,,,,,,,,,,,,,,,,";;;;;;;;;;;;;;;;;;
"174,,bus_stop,,Robert-Koch-Straße,HVV,KVG,platform,""Adendorf, Robert-Koch-Straße"",no,,53.2839445,10.4528145,741395545,no,,no,,,,,,,,,,,,,Lage geschätzt,,,,,,,,";;;;;;;;;;;;;;;;;;
"175,,bus_stop,,Friedhof,HVV,KVG,platform,""Adendorf, Friedhof"",yes,,53.2858713,10.4475562,741395550,yes,5007";5903;5918;5925,no,,,,,,,,,,,,,,,,,,,,,;;;;;;;;;;;;;;;
"176,,bus_stop,,Weinbergsweg,HVV,KVG,platform,""Adendorf, Weinbergsweg"",no,,53.2853241,10.4327963,741395555,no,,no,yes,,,,yes,2021-03-28,,,,,,,,,,,,,,,";;;;;;;;;;;;;;;;;;
"177,yes,bus_stop,,Goebelstraße,HVV,KVG,platform,""Lüneburg, Goebelstraße"",no,,53.2686600,10.4167169,795056872,,5005";ASM,,,,,,,,,,,,,,,,,,,,,,;;;;;;;;;;;;;;;;;
"178,yes,bus_stop,,Grüner Weg,HVV,KVG,platform,""Adendorf, Grüner Weg"",no,,53.2729470,10.4323520,800462877,no,,no,yes,,,,no,,,,,Position eingemessen,,,,,,,,,,,";;;;;;;;;;;;;;;;;;
"179,,bus_stop,,Lindenweg,HVV,KVG,platform,""Adendorf, Lindenweg"",,,53.2730333,10.4380841,800463848,,,,,,,,,,,,,,,,,,,,,,,,";;;;;;;;;;;;;;;;;;
"180,,bus_stop,,Lindenweg,HVV,KVG,platform,""Adendorf, Lindenweg"",,,53.2728009,10.4368635,800464535,,,,,,,,,,,,,,,,,,,,,,,,";;;;;;;;;;;;;;;;;;
"181,,bus_stop,,""Brietlingen, Stettiner Ring"",,,platform,,yes,,53.3134023,10.4441547,855121275,yes,5903";5904,no,,,,,yes,,,,,,,,,,,,,,,,;;;;;;;;;;;;;;;;;
"182,,bus_stop,,Wilhelm-Hänel-Weg,HVV,KVG,platform,""Lüneburg, Wilhelm-Hänel-Weg"",no,,53.2686790,10.4050523,869281361,no,5002";5402;5405;ASM,no,,,,,,,,,,,,,,,,,,,,,;;;;;;;;;;;;;;;
"183,,bus_stop,,Sternkamp,HVV,KVG,platform,""Lüneburg, Sternkamp"",no,,53.2669292,10.4057395,869281373,no,5002";5402;5405;ASM,no,,,,,,,,,,,,,,,,,,,,,;;;;;;;;;;;;;;;
"184,,bus_stop,,Kirchweg,HVV,KVG,platform,""Adendorf, Kirchweg"",no,,53.2786980,10.4363740,871256635,no,,no,yes,,,,no,2021-02-27,,,,Position eingemessen,,,,,,,,,,,";;;;;;;;;;;;;;;;;;
"185,,bus_stop,,Kirchweg,HVV,KVG,platform,""Adendorf, Kirchweg"",yes,,53.2791530,10.4369940,871256637,yes,,no,yes,,,,yes,,,,,Position eingemessen,,,,,,,,,,,";;;;;;;;;;;;;;;;;;
"186,yes,bus_stop,5012,Bunsenstraße,HVV,KVG,platform,""Lüneburg, Bunsenstraße"",yes,,53.2495011,10.4412818,871730916,yes,,no,,,,,,,,,,,,,,,,,,,,,";;;;;;;;;;;;;;;;;;
"187,yes,bus_stop,5012,Bachstraße,HVV,KVG,platform,""Lüneburg, Bachstraße"",no,,53.2473918,10.4400425,871731608,no,,no,,,,,,,,,,,,,,,,,,,,,";;;;;;;;;;;;;;;;;;
"188,,bus_stop,,Volgershall/UNI,HVV,KVG,platform,""Lüneburg, Volgershall/UNI"",no,yes,53.2493490,10.3840653,915967687,no,,yes,,,,,,,,,,,,,,,,,,,,,";;;;;;;;;;;;;;;;;;
"189,yes,bus_stop,""5920, 5003"",Städtisches Klinikum,HVV,KVG,platform,""Lüneburg, Städtisches Klinikum"",yes,yes,53.2407753,10.3973060,924513262,yes,,no,,,,,,,,,,,,,,,,yes,,,,,";;;;;;;;;;;;;;;;;;
"190,yes,bus_stop,""5007, 5003"",Städtisches Klinikum,HVV,KVG,platform,""Lüneburg, Städtisches Klinikum"",no,yes,53.2408905,10.3972543,924513361,no,,no,yes,,,,,,Kein Kasseler Bord,,,,,,,,,yes,,,,,";;;;;;;;;;;;;;;;;;
"191,,bus_stop,,Elba,HVV,KVG,platform,""Adendorf, Elba"",no,,53.2967091,10.4269898,965065977,no,,no,no,,,,no,,,,,,,,,,,,,,,,";;;;;;;;;;;;;;;;;;
"192,,bus_stop,5012,Behördenzentrum (Ost),HVV,KVG,platform,""Lüneburg, Behördenzentrum (Ost)"",yes,,53.2509696,10.4313902,1039463414,,,no,,,,,,,,,,,,,,,,,,,,,";;;;;;;;;;;;;;;;;;
"193,,bus_stop,,Psychiatrische Klinik,HVV,KVG,platform,""Lüneburg, Psychiatrische Klinik"",yes,limited,53.2543494,10.3880794,1048704480,,5009";ASM,no,,,,,,,,,,,,,,,,,,,,,;;;;;;;;;;;;;;;;;
"194,,bus_stop,,Bei der Pferdehütte,HVV,KVG,platform,""Lüneburg, Bei der Pferdehütte"",yes,,53.2741646,10.4047332,1108268733,yes,5005";ASM,no,yes,,,,yes,,,,,,,,,,,,,,,,;;;;;;;;;;;;;;;;;
"195,,bus_stop,,Alec-Moore-Straße,HVV,KVG,platform,""Lüneburg, Alec-Moore-Straße"",no,,53.2465139,10.3812801,1116593359,no,,no,,,,,,,,,,,,,,,,,,,,,";;;;;;;;;;;;;;;;;;
"196,,bus_stop,,Hölderlinstraße,HVV,KVG,platform,""Lüneburg, Hölderlinstraße"",no,,53.2607287,10.4451929,1116593361,,,,,,,,,,,,,,,,,,,,,,,,";;;;;;;;;;;;;;;;;;
"197,yes,bus_stop,,Am Bargenturm,HVV,KVG,platform,""Lüneburg, Am Bargenturm"",no,limited,53.2452478,10.3985975,1116593365,no,,no,,,,,,,,,,,,,,,,,,,,,";;;;;;;;;;;;;;;;;;
"198,,bus_stop,,Heidkoppelweg,HVV,KVG,platform,""Lüneburg, Heidkoppelweg"",,,53.2613986,10.4689526,1116593369,,,,,,,,,,,,,,,,,,,,,,,,";;;;;;;;;;;;;;;;;;
"199,,bus_stop,,Memeler Straße,HVV,KVG,platform,""Lüneburg, Memeler Straße"",,,53.2602671,10.4680489,1116593371,,,,,,,,,,,,,,,,,,,,,,,,";;;;;;;;;;;;;;;;;;
"200,,bus_stop,,William-Watt-Straße,HVV,KVG,platform,""Lüneburg, William-Watt-Straße"",yes,,53.2448537,10.3806900,1116593375,yes,,no,,,,,,,,,,,,,,,,,,,,,";;;;;;;;;;;;;;;;;;
"201,yes,bus_stop,,Allensteiner Straße,HVV,KVG,platform,""Lüneburg, Allensteiner Straße"",,,53.2641335,10.4634160,1116593381,,,,,,,,,,,,,,,,,,,,,,,,";;;;;;;;;;;;;;;;;;
"202,yes,bus_stop,,Alec-Moore-Straße,HVV,KVG,platform,""Lüneburg, Alec-Moore-Straße"",no,,53.2467615,10.3820658,1116593384,no,,no,,,,,,,,,,,,,,,,,,,,,";;;;;;;;;;;;;;;;;;
"203,yes,bus_stop,,Allensteiner Straße,HVV,KVG,platform,""Lüneburg, Allensteiner Straße"",,,53.2639573,10.4633933,1116593386,,,,,,,,,,,,,,,,,,,,,,,,";;;;;;;;;;;;;;;;;;
"204,yes,bus_stop,,""Erbstorf, Wendeplatz"",HVV,KVG,platform,""Erbstorf, Wendeplatz"",yes,,53.2737862,10.4763614,1116593388,,5007";5918;5920;5925,,,,,,,,,,,,,,,,,,yes,,,,;;;;;;;;;;;;;;;
"205,,bus_stop,,Am Grasweg,HVV,KVG,platform,""Lüneburg, Am Grasweg"",yes,,53.2462357,10.3878744,1116593391,yes,5015";ASM,no,,,,,,,,,,,,,,,,,,,,,;;;;;;;;;;;;;;;;;
"206,,bus_stop,,Jüttkenmoor,HVV,KVG,platform,""Lüneburg, Jüttkenmoor"",no,,53.2479273,10.3849708,1116593396,no,5015";ASM,no,,,,,yes,,,,,,,,,,,,,,,,;;;;;;;;;;;;;;;;;
"207,,bus_stop,,Jüttkenmoor,HVV,KVG,platform,""Lüneburg, Jüttkenmoor"",yes,,53.2478421,10.3852141,1116593402,yes,5015";ASM,no,yes,,,,yes,,,,,,,,,,,,,,,,;;;;;;;;;;;;;;;;;
"208,yes,bus_stop,,Am Bargenturm,HVV,KVG,platform,""Lüneburg, Am Bargenturm"",no,limited,53.2448883,10.3978454,1116593403,yes,,no,,,,,,,,,,,,,,,,,,,,,";;;;;;;;;;;;;;;;;;
"209,,bus_stop,,Am Ziegeleiteich,HVV,KVG,platform,""Lüneburg, Am Ziegeleiteich"",yes,,53.2599796,10.4720436,1116593409,,5015";5901;5918,,,,,,,,,,,,,,,,,,,,,,;;;;;;;;;;;;;;;;
210,yes,bus_stop,5002;5005;5009;5010;5013;5014;5015;5200;5202;"5405,Lambertiplatz,HVV,KVG,platform,""Lüneburg, Lambertiplatz"",no,yes,53.2456921,10.4032231,1116773357,no,,no,yes,,,,no,,Kein Kasseler Bord vorhanden,,,,,,,,,,,,,,";;;;;;;;;
"211,,bus_stop,,Vor dem Neuen Tore,HVV,KVG,platform,""Lüneburg, Vor dem Neuen Tore"",no,,53.2499815,10.3895808,1137687948,no,,no,,,,,,,,,no,,,,,,,,,,,,";;;;;;;;;;;;;;;;;;
"212,yes,bus_stop,,Am Graalwall,HVV,KVG,platform,""Lüneburg, Am Graalwall"",no,,53.2509790,10.4026090,1137688164,yes,,yes,yes,,,,,,,,,,,,,,,,,,,,";;;;;;;;;;;;;;;;;;
"213,,bus_stop,,Am Lerchenberg,HVV,KVG,platform,""Reppenstedt, Am Lerchenberg"",yes,yes,53.2470042,10.3674726,1137688232,,,yes,,,,,,,,,,,,,,,,,,,,,";;;;;;;;;;;;;;;;;;
"214,,bus_stop,,Steinweg,HVV,KVG,platform,""Adendorf, Steinweg"",,,53.2755805,10.4425957,1156522335,,,,,,,,,,,,,,,,,,,,,,,,";;;;;;;;;;;;;;;;;;
"215,,bus_stop,,Im Gutspark,HVV,KVG,platform,""Adendorf, Im Gutspark"",no,,53.2861840,10.4468141,1156522398,no,5007";5920,no,no,,,,yes,2021-07-22,,,,,,,,,,,,,,,;;;;;;;;;;;;;;;;;
"216,,bus_stop,,Virchowstraße,HVV,KVG,platform,""Adendorf, Virchowstraße"",no,,53.2814563,10.4469601,1156522399,yes,5925,yes,,,,,,,,,,,,,,,,,,,,,";;;;;;;;;;;;;;;;;;
"217,,bus_stop,,Virchowstraße,HVV,KVG,platform,""Adendorf, Virchowstraße"",no,,53.2812635,10.4469728,1156522406,no,5925,yes,,,,,,,,,,,,,,,,,,,,,";;;;;;;;;;;;;;;;;;
"218,,bus_stop,,Steinweg,HVV,KVG,platform,""Adendorf, Steinweg"",,,53.2750893,10.4421910,1156522409,,,,,,,,,,,,,,,,,,,,,,,,";;;;;;;;;;;;;;;;;;
"219,,bus_stop,5007,Teichaue,HVV,KVG,platform,""Adendorf, Teichaue"",yes,,53.2865534,10.4490580,1156522434,yes,,no,,,,,,,,,,,,,,,,,,,,,";;;;;;;;;;;;;;;;;;
"220,,bus_stop,5007,Moorchaussee,HVV,KVG,platform,""Adendorf, Moorchaussee"",no,,53.2889918,10.4478643,1157694827,no,,no,,,,,,2021-05-05,,,,,,,,,,,,,,,";;;;;;;;;;;;;;;;;;
"221,,bus_stop,,Kastanienallee,HVV,KVG,platform,""Adendorf, Kastanienallee"",no,,53.2839238,10.4548440,1157694871,no,,no,,,,,,2021-04-26,,,,,,,,,,,,,,,";;;;;;;;;;;;;;;;;;
"222,,bus_stop,5007,Kastanienallee,HVV,KVG,platform,""Adendorf, Kastanienallee"",no,,53.2839022,10.4547474,1157694917,no,,no,,,,,,2021-04-26,,,,,,,,,,,,,,,";;;;;;;;;;;;;;;;;;
"223,,bus_stop,,Katzenweg,HVV,KVG,platform,""Adendorf, Katzenweg"",no,,53.2868678,10.4572671,1157694940,no,,no,,,,,,,,,,,,,,,,,,,,,";;;;;;;;;;;;;;;;;;
"224,,bus_stop,5007,Katzenweg,HVV,KVG,platform,""Adendorf, Katzenweg"",no,,53.2869674,10.4571839,1157694970,no,,no,,,,,,,,,,,,,,,,,,,,,";;;;;;;;;;;;;;;;;;
"225,yes,bus_stop,5012,Friedrich-Ludwig-Jahn-Straße,HVV,KVG,platform,""Lüneburg, Friedrich-Ludwig-Jahn-Straße"",yes,,53.2350350,10.4083952,1181280550,yes,,no,yes,,,,,,Kein Kasseler Bord,,,,,,,,,,,,,,";;;;;;;;;;;;;;;;;;
"226,yes,bus_stop,5012,Rotes Tor,HVV,KVG,platform,""Lüneburg, Rotes Tor"",no,,53.2437968,10.4097351,1181280590,no,,no,yes,,,,yes,,Kein Kasseler Bord,,,,,,,,,,,,,,";;;;;;;;;;;;;;;;;;
"227,yes,bus_stop,5012,Goethestraße,HVV,KVG,platform,""Lüneburg, Goethestraße"",yes,,53.2351006,10.4104754,1181280625,yes,,no,yes,,,,,,Kein Kasseler Bord,,,,,,,,,,,,,,";;;;;;;;;;;;;;;;;;
"228,,bus_stop,5012,Behördenzentrum (Ost),HVV,KVG,platform,""Lüneburg, Behördenzentrum (Ost)"",yes,,53.2510324,10.4306238,1181280702,yes,,,,,,,,,,,,,,,,,,,,,,,";;;;;;;;;;;;;;;;;;
"229,yes,bus_stop,5012,Bunsenstraße,HVV,KVG,platform,""Lüneburg, Bunsenstraße"",no,,53.2494425,10.4411340,1181280826,no,,no,,,,,,,,,,,,,,,,,,,,,";;;;;;;;;;;;;;;;;;
"230,yes,bus_stop,5012,Hagen Wendeplatz,HVV,KVG,platform,""Lüneburg, Hagen (Wendeplatz)"",,,53.2428075,10.4519518,1181280845,,,,,,,,,,,,,,,,,,,,,,,,";;;;;;;;;;;;;;;;;;
"231,yes,bus_stop,5012,Bachstraße,HVV,KVG,platform,""Lüneburg, Bachstraße"",no,,53.2473003,10.4400335,1181280891,no,,no,,,,,,,,,,,,,,,,,,,,,";;;;;;;;;;;;;;;;;;
"232,yes,bus_stop,5012,Goethestraße,HVV,KVG,platform,""Lüneburg, Goethestraße"",no,,53.2352269,10.4102835,1181280904,yes,,no,yes,,,,,,Kein Kasseler Bord,,,,,,,,,,,,,,";;;;;;;;;;;;;;;;;;
"233,,bus_stop,5012,Hopfengarten,HVV,KVG,platform,""Lüneburg, Hopfengarten"",no,,53.2510849,10.4278875,1181280913,no,,no,no,,,,yes,,,,,,,,,,,,,,,,";;;;;;;;;;;;;;;;;;
"234,yes,bus_stop,5012,Wielandstraße,HVV,KVG,platform,""Lüneburg, Wielandstraße"",no,,53.2377319,10.4108562,1181280956,yes,,no,yes,,,,,,Kein Kasseler Bord,,,,,,,,,,,,,,";;;;;;;;;;;;;;;;;;
"235,,bus_stop,5012,Hans-Steffens-Weg,HVV,KVG,platform,""Lüneburg, Hans-Steffens-Weg"",no,,53.2509447,10.4349723,1181280963,,,,,,,,,,,,,,,,,,,,,,,,";;;;;;;;;;;;;;;;;;
"236,yes,bus_stop,5012,Rotes Tor,HVV,KVG,platform,""Lüneburg, Rotes Tor"",no,,53.2439710,10.4098558,1181281013,no,,no,no,,,,yes,,Kein Kasseler Bord,,,,,,,,,,,,,,";;;;;;;;;;;;;;;;;;
"237,yes,bus_stop,5012,Blücherstraße,HVV,KVG,platform,""Lüneburg, Blücherstraße"",no,,53.2313787,10.3999073,1181281030,,,no,,,,,,,,,,,,,,,,,,,,,";;;;;;;;;;;;;;;;;;
"238,yes,bus_stop,5012,Friedrich-Ludwig-Jahn-Straße,HVV,KVG,platform,""Lüneburg, Friedrich-Ludwig-Jahn-Straße"",yes,,53.2351586,10.4084849,1181281096,yes,,no,,,,,,,,,,,,,,,,,,,,,";;;;;;;;;;;;;;;;;;
"239,yes,bus_stop,5012,Hagen Wendeplatz,HVV,KVG,platform,""Lüneburg, Hagen (Wendeplatz)"",,,53.2429833,10.4517648,1181281179,,,,,,,,,,,,,,,,,,,,,,,,";;;;;;;;;;;;;;;;;;
"240,,bus_stop,5012,Hans-Steffens-Weg,HVV,KVG,platform,""Lüneburg, Hans-Steffens-Weg"",,,53.2508568,10.4349653,1181281208,,,,,,,,,,,,,,,,,,,,,,,,";;;;;;;;;;;;;;;;;;
"241,,bus_stop,5012,Hopfengarten,HVV,KVG,platform,""Lüneburg, Hopfengarten"",yes,,53.2510042,10.4283903,1181281260,yes,,no,,,,,no,,,,,,,,,,,,,,,,";;;;;;;;;;;;;;;;;;
"242,yes,bus_stop,5012,Wielandstraße,HVV,KVG,platform,""Lüneburg, Wielandstraße"",no,,53.2376071,10.4107257,1181281280,no,,no,yes,,,,,,Kein Kasseler Bord,,,,,,,,,,,,,,";;;;;;;;;;;;;;;;;;
"243,yes,bus_stop,5010,Otto-Brenner-Straße,HVV,KVG,platform,""Lüneburg, Otto-Brenner-Straße"",no,,53.2423045,10.4784370,1195426701,no,,no,no,20141026,no,,,,,,,,,,,,,,,,,,";;;;;;;;;;;;;;;;;;
"244,,bus_stop,5010,Flugplatz,HVV,KVG,platform,""Lüneburg, Flugplatz"",no,,53.2448717,10.4592049,1195426702,no,,no,yes,20141026,no,,,,,,,,,,,,,,,,,,";;;;;;;;;;;;;;;;;;
"245,yes,bus_stop,5010,Schützenstraße,HVV,KVG,platform,""Lüneburg, Schützenstraße"",no,,53.2446455,10.4348678,1195426704,no,,no,yes,20141026,no,,,,,,,,,,,,,,,,,,";;;;;;;;;;;;;;;;;;
"246,yes,bus_stop,5010,Walter-Bötcher-Straße,HVV,KVG,platform,""Lüneburg, Walter-Bötcher-Straße"",no,limited,53.2455633,10.4459578,1195426707,no,,no,no,20141026,no,,,,,,,,,,,,,,,,,,";;;;;;;;;;;;;;;;;;
"247,yes,bus_stop,5010,Stadtkoppel,HVV,KVG,platform,""Lüneburg, Auf den Blöcken"",no,,53.2461948,10.4492537,1195426708,no,,no,no,20141026,no,,,,,,,,,,,,,,,,,,";;;;;;;;;;;;;;;;;;
"248,,bus_stop,5010,Kurt-Höbold-Straße,HVV,KVG,platform,""Lüneburg, Kurt-Höbold-Straße"",no,,53.2402935,10.4778019,1195426715,no,,no,no,20141026,no,,,,,,,,,,,,,,,,,,";;;;;;;;;;;;;;;;;;
"249,yes,bus_stop,5010,Richard-Brauer-Straße,HVV,KVG,platform,""Lüneburg, Richard-Brauer-Straße"",no,,53.2447657,10.4429666,1195426718,no,,no,no,20141026,no,,,,,,,,,,,,,,,,,,";;;;;;;;;;;;;;;;;;
"250,,bus_stop,5010,Elso-Klöver-Straße,HVV,KVG,platform,""Lüneburg, Elso-Klöver-Straße"",no,,53.2465791,10.4773470,1195426726,no,,no,yes,20141026,no,,,,,,,,,,,,,,,,,,";;;;;;;;;;;;;;;;;;
251,yes,bus_stop,5010;5100;5120;5300;"5304,Gellersstraße,HVV,KVG,platform,""Lüneburg, Gellersstraße"",no,,53.2478555,10.4300483,1195426727,no,,no,yes,20141026,no,,,,,,,,,,,,,,,,,,";;;;;;;;;;;;;;
"252,,bus_stop,5010,Wilhelm-Fressel-Straße,HVV,KVG,platform,""Lüneburg, Wilhelm-Fressel-Straße"",no,,53.2390287,10.4760492,1195426730,no,,no,no,20141026,no,,,,,,,,,,,,,,,,,,";;;;;;;;;;;;;;;;;;
"253,yes,bus_stop,5010,Otto-Brenner-Straße,HVV,KVG,platform,""Lüneburg, Otto-Brenner-Straße"",no,,53.2424374,10.4781812,1195426731,no,,no,no,20141026,no,,,,,,,,,,,,,,,,,,";;;;;;;;;;;;;;;;;;
"254,,bus_stop,5010,Flugplatz,HVV,KVG,platform,""Lüneburg, Flugplatz"",no,,53.2449658,10.4591935,1195426732,no,,no,no,20141026,no,,,,,,,,,,,,,,,,,,";;;;;;;;;;;;;;;;;;
"255,yes,bus_stop,5010,Schützenstraße,HVV,KVG,platform,""Lüneburg, Schützenstraße"",yes,,53.2448143,10.4348734,1195426733,yes,,no,yes,20141026,no,,,,,,,,,,,,,,,,,,";;;;;;;;;;;;;;;;;;
"256,,bus_stop,5010,Kurt-Höbold-Straße,HVV,KVG,platform,""Lüneburg, Kurt-Höbold-Straße"",no,,53.2403815,10.4777480,1195426735,no,,no,no,20141026,no,,,,,,,,,,,,,,,,,,";;;;;;;;;;;;;;;;;;
"257,yes,bus_stop,5010,Richard-Brauer-Straße,HVV,KVG,platform,""Lüneburg, Richard-Brauer-Straße"",no,,53.2447832,10.4428513,1195426736,no,,no,no,20141026,no,,,,,,,,,,,,,,,,,,";;;;;;;;;;;;;;;;;;
"258,yes,bus_stop,5010,Walter-Bötcher-Straße,HVV,KVG,platform,""Lüneburg, Walter-Bötcher-Straße"",no,,53.2461867,10.4472107,1195426737,no,,no,yes,20141026,no,,,,,,,,,,,,,,,,,,";;;;;;;;;;;;;;;;;;
"259,yes,bus_stop,5010,Stadtkoppel,HVV,KVG,platform,""Lüneburg, Auf den Blöcken"",no,,53.2464486,10.4489784,1195426739,no,,no,yes,20141026,no,,,,,,,,,,,,,,,,,,";;;;;;;;;;;;;;;;;;
"260,yes,bus_stop,5010,Ostlandring,HVV,KVG,platform,""Lüneburg, Ostlandring"",no,,53.2420938,10.4395711,1195426740,no,,no,yes,20141026,no,""Lüneburg, Ostlandring"",,,,,,,,,,,,,,,,,";;;;;;;;;;;;;;;;;;
261,yes,bus_stop,5010;5100;5120;5300;"5304,Gellersstraße,HVV,KVG,platform,""Lüneburg, Gellersstraße"",no,,53.2481414,10.4290289,1195426743,no,,no,yes,20141123,no,""Lüneburg, Gellersstraße"",,,,,,,,,,,,,,,,,";;;;;;;;;;;;;;
"262,,bus_stop,5010,Elso-Klöver-Straße,HVV,KVG,platform,""Lüneburg, Elso-Klöver-Straße"",no,,53.2464799,10.4775424,1195426745,no,,no,yes,20141026,no,,,,,,,,,,,,,,,,,,";;;;;;;;;;;;;;;;;;
"263,yes,bus_stop,5003,Schildsteinweg,HVV,KVG,platform,""Lüneburg, Schildsteinweg"",no,,53.2407532,10.3914278,1321746678,no,,no,yes,,,,,,Kein Kasseler Bord,,,Richtung SZ Oedeme / Teufelsküche,,,,,,,,,,,";;;;;;;;;;;;;;;;;;
"264,yes,bus_stop,,Finanzamt,HVV,KVG,platform,""Lüneburg, Finanzamt"",no,,53.2554488,10.4121817,1348734466,no,,no,,,,,,,,,,,,,,,,,,,,,";;;;;;;;;;;;;;;;;;
"265,yes,bus_stop,,Auf dem Schmaarkamp,HVV,KVG,platform,""Lüneburg, Auf dem Schmaarkamp"",no,,53.2603115,10.4105509,1348734468,no,,no,,,,,,,,,,,,,,,,,,,,,";;;;;;;;;;;;;;;;;;
"266,yes,bus_stop,,Auf der Hude,HVV,KVG,platform,""Lüneburg, Auf der Hude"",no,,53.2583328,10.4136152,1348734473,no,5002";ASM,no,yes,,,,,,,,,,,,,,,,,,,,;;;;;;;;;;;;;;;;;
"267,yes,bus_stop,,Auf der Hude,HVV,KVG,platform,""Lüneburg, Auf der Hude"",no,,53.2583539,10.4134962,1348734475,yes,5002";5405;ASM,yes,yes,,,,,,,,,,,,,,,,,,,,;;;;;;;;;;;;;;;;
"268,,bus_stop,,Sternkamp,HVV,KVG,platform,""Lüneburg, Sternkamp"",yes,,53.2675389,10.4053237,1348734476,,5002";5402;5405;ASM,,,,,,,,,,,,,,,,,,,,,,;;;;;;;;;;;;;;;
269,,bus_stop,5404;" ASM,Lüneburger Straße,HVV,KVG,platform,""Vögelsen, Lüneburger Straße"",no,limited,53.2744912,10.3540850,1349023101,no,,no,,,,,,,,,,,,,,,,,,,,,";;;;;;;;;;;;;;;;;
"270,yes,bus_stop,,Tennispark,HVV,KVG,platform,""Lüneburg, Tennispark"",yes,limited,53.2598361,10.3849925,1349023125,yes,,no,no,,,,no,,,,,,,,,,,,,,,,";;;;;;;;;;;;;;;;;;
"271,,bus_stop,,Kiefernweg,HVV,KVG,platform,""Vögelsen, Kiefernweg"",no,limited,53.2753237,10.3526052,1349023126,no,5009";5404;ASM,no,,,,,,,,,,,,,,,,,,,,,;;;;;;;;;;;;;;;;
"272,yes,bus_stop,,Tennispark,HVV,KVG,platform,""Lüneburg, Tennispark"",no,limited,53.2598965,10.3851752,1349023146,no,,no,no,,,,yes,,,,,,,,,,,,,,,,";;;;;;;;;;;;;;;;;;
"273,yes,bus_stop,,Brockwinkler Weg,HVV,KVG,platform,""Lüneburg, Brockwinkler Weg"",no,limited,53.2564930,10.3866216,1349023151,no,5009";ASM,no,,,,,,,,,,,,,Stimmt die Lage?,,,,,,,,;;;;;;;;;;;;;;;;;
"274,yes,bus_stop,,Am Wildgehege,HVV,KVG,platform,""Lüneburg, Am Wildgehege"",,,53.2666787,10.3897554,1349023179,,,,,,,,,,,,,,,,,,,,,,,,";;;;;;;;;;;;;;;;;;
"275,yes,bus_stop,,Am Wildgehege,HVV,KVG,platform,""Lüneburg, Am Wildgehege"",,,53.2657738,10.3898274,1349023189,,,,,,,,,,,,,,,,,,,,,,,,";;;;;;;;;;;;;;;;;;
"276,,bus_stop,5006,Robert-Schumann-Straße,HVV,KVG,platform,""Adendorf, Robert-Schumann-Straße"",no,yes,53.2900786,10.4339130,1602846163,no,,no,yes,,,,yes,,,,,,,,,,,,,,,,";;;;;;;;;;;;;;;;;;
"277,yes,bus_stop,,Schwarzer Weg,HVV,KVG,platform,""Lüneburg, Schwarzer Weg"",yes,,53.2715346,10.4280345,1603471272,yes,,yes,yes,,,,yes,,,,,,,,,,,,,,,,";;;;;;;;;;;;;;;;;;
"278,,bus_stop,5006,Königsberger Weg,HVV,KVG,platform,""Adendorf, Königsberger Weg"",yes,,53.2834046,10.4398725,1603544600,,,no,,,,,,2020-11-25,,,,,,,,,,,,,,,";;;;;;;;;;;;;;;;;;
"279,,bus_stop,5006,Königsberger Weg,HVV,KVG,platform,""Adendorf, Königsberger Weg"",yes,,53.2834064,10.4398485,1603544609,,,no,,,,,,,,,,,,,,,,,,,,,";;;;;;;;;;;;;;;;;;
"280,,bus_stop,,Kornblumenweg,HVV,KVG,platform,""Adendorf, Kornblumenweg"",no,,53.2876679,10.4327786,1647151461,no,,no,yes,,,,no,,,,,,,,,,,,,,,,";;;;;;;;;;;;;;;;;;
"281,,bus_stop,,Kornblumenweg,HVV,KVG,platform,""Adendorf, Kornblumenweg"",no,,53.2876507,10.4328522,1647151469,no,,no,no,,,,no,,,,,,,,,,,,,,,,";;;;;;;;;;;;;;;;;;
"282,,bus_stop,,Röthenweg,HVV,KVG,platform,""Adendorf, Röthenweg"",no,,53.2859085,10.4327278,1647151473,no,,no,no,,,,no,,,,,,,,,,,,,,,,";;;;;;;;;;;;;;;;;;
"283,,bus_stop,,Röthenweg,HVV,KVG,platform,""Adendorf, Röthenweg"",no,,53.2859189,10.4327655,1647151482,no,,no,no,,,,yes,,,,,,,,,,,,,,,,";;;;;;;;;;;;;;;;;;
"284,yes,bus_stop,,Zeltberg,HVV,KVG,platform,""Lüneburg, Zeltberg"",no,,53.2650556,10.4069669,1757030062,no,,no,,,,,,,,,,,,,,,,,,,,,";;;;;;;;;;;;;;;;;;
"285,yes,bus_stop,,Zeltberg,HVV,KVG,platform,""Lüneburg, Zeltberg"",no,,53.2651379,10.4069351,1757030071,no,,no,,,,,,,,,,,,,,,,,,,,,";;;;;;;;;;;;;;;;;;
"286,,bus_stop,,Am Stadtberg,HVV,KVG,platform,""Vögelsen, Am Stadtberg"",yes,limited,53.2733993,10.3588328,1781853978,yes,5009";5404;ASM,no,,,,,,,,,,,,,,,,,,,,,;;;;;;;;;;;;;;;;
"287,yes,bus_stop,,Pumpenstation,HVV,KVG,platform,""Lüneburg, Pumpenstation"",,limited,53.2652064,10.3675583,1781853981,,,,,,,,,,,,,,,,""Position nur geschätzt, bitte Korrigieren"",,,,,,,,";;;;;;;;;;;;;;;;;;
"288,yes,bus_stop,5009,Pumpenstation,HVV,KVG,platform,""Lüneburg, Pumpenstation"",no,limited,53.2652856,10.3676586,1781853982,,,,,,,,,,,,,,,,""Position nur geschätzt, bitte Korrigieren"",,,,,,,,";;;;;;;;;;;;;;;;;;
289,yes,bus_stop,5009;"5919,Dörnbergstraße,HVV,KVG,platform,""Lüneburg, Dörnbergstraße"",yes,limited,53.2513070,10.3935804,1782540334,no,,no,,,,,,,,,,,,,,,,,,,,,";;;;;;;;;;;;;;;;;
"290,,bus_stop,,Kulturforum Wienebüttel,HVV,KVG,platform,""Lüneburg, Kulturforum Wienebüttel"",yes,limited,53.2641660,10.3751370,1782540335,,5009";ASM,,,,,,,,,,,,,,,,,,,,,,;;;;;;;;;;;;;;;;;
"291,,bus_stop,,Am Stadtberg,HVV,KVG,platform,""Vögelsen, Am Stadtberg"",no,limited,53.2737210,10.3577527,1785824065,no,5009";5404;ASM,no,,,,,,,,,,ASM Tel. 04131/53344,,,,,,,,,,,;;;;;;;;;;;;;;;;
"292,,bus_stop,,Vor der Westermarsch,HVV,KVG,platform,""Bardowick, Vor der Westermarsch"",yes,,53.2957478,10.3846317,1813974855,,5002";5402,,,,,,,,,,,,,,,,,,,,,,;;;;;;;;;;;;;;;;;
"293,yes,bus_stop,,Auf dem Schmaarkamp,HVV,KVG,platform,""Lüneburg, Auf dem Schmaarkamp"",no,,53.2606516,10.4132179,2004621062,,,,,,,,,,,,,,,,Lage korrekt?,,,,,,,,";;;;;;;;;;;;;;;;;;
"294,yes,bus_stop,,Vrestorfer Weg,HVV,KVG,platform,""Lüneburg, Vrestorfer Weg"",no,,53.2788106,10.4260987,2015120617,yes,,no,,,,,,,,,,,,,,,,,,,,,";;;;;;;;;;;;;;;;;;
"295,yes,bus_stop,,Vrestorfer Weg,HVV,KVG,platform,""Lüneburg, Vrestorfer Weg"",no,,53.2789402,10.4260159,2015120618,no,,no,,,,,,2021-03-27,,,,,,,,,,,,,,,";;;;;;;;;;;;;;;;;;
"296,,bus_stop,5404,Thiessendörper Weg,HVV,KVG,platform,""Bardowick, Thiessendörper Weg"",no,yes,53.2890091,10.3910124,2015438276,no,,no,yes,,,,yes,,,,,,,,,,,,,,,,";;;;;;;;;;;;;;;;;;
"297,yes,bus_stop,5003,Teufelsküche,HVV,KVG,platform,""Lüneburg, Teufelsküche"",yes,,53.2382175,10.3843440,2328939473,yes,,no,no,,,,,2020-12-28,Kein Kasseler Bord,,,,,,,,,,,,,,";;;;;;;;;;;;;;;;;;
"298,,bus_stop,,Radbrucher Weg,HVV,KVG,platform,""Bardowick, Radbrucher Weg"",no,,53.2903712,10.3622233,2579846602,yes,5002";5403;ASM,,,,,,,,,,,,,,,,,,,,,,;;;;;;;;;;;;;;;;
"299,,bus_stop,,Radbrucher Weg,HVV,KVG,platform,""Bardowick, Radbrucher Weg"",no,,53.2905484,10.3623436,2579846603,,5002";5403;5404;ASM,,,,,,,,,,,,,,,,,,,,,,;;;;;;;;;;;;;;;
"300,,bus_stop,,Witwenkamp,HVV,KVG,platform,""Bardowick, Witwenkamp"",no,yes,53.2891832,10.3650642,2579846605,,5002";5403;ASM,,,,,,,,,,,,,,,,,,,,,,;;;;;;;;;;;;;;;;
"301,,bus_stop,,Witwenkamp,HVV,KVG,platform,""Bardowick, Witwenkamp"",yes,yes,53.2892698,10.3651705,2579846606,,5002";5403;5404;ASM,,,,,,,,,,,,,,,,,,,,,,;;;;;;;;;;;;;;;
"302,yes,bus_stop,5003,Ernst-Braune-Straße,HVV,KVG,platform,""Lüneburg, Ernst-Braune-Straße"",yes,,53.2394600,10.3881960,2632455483,yes,,no,yes,,,,,2020-12-28,Kein Kasseler Bord,,,,,,,,,,,,,,";;;;;;;;;;;;;;;;;;
"303,yes,bus_stop,5007,Lüner Rennbahn,HVV,KVG,platform,""Lüneburg, Lüner Rennbahn"",,,53.2748865,10.4227875,2848418354,,,,,,,,,,,,,,,,,,,,,,,,";;;;;;;;;;;;;;;;;;
"304,yes,bus_stop,5007,Schlachthof,HVV,KVG,platform,""Lüneburg, Schlachthof"",no,,53.2727519,10.4249277,2848418355,no,,no,,,,,no,,,,,,,,,,,,,,,,";;;;;;;;;;;;;;;;;;
"305,,bus_stop,5010,Auf den Blöcken,HVV,KVG,platform,""Lüneburg, Auf den Blöcken"",no,,53.2384976,10.4613219,2878572398,no,,no,no,20141026,no,,,,,,,,,,,,,,,,,,";;;;;;;;;;;;;;;;;;
"306,,bus_stop,5010,Auf den Blöcken,HVV,KVG,platform,""Lüneburg, Auf den Blöcken"",no,,53.2389629,10.4611130,2878572399,no,,no,no,20141026,no,,,,,,,,,,,,,,,,,,";;;;;;;;;;;;;;;;;;
"307,yes,bus_stop,5003,Schildsteinweg,HVV,KVG,platform,""Lüneburg, Schildsteinweg"",no,,53.2410127,10.3924067,2904546321,no,,no,no,,,,,2020-12-28,Kein Kasseler Bord,,,Richtung Bahnhof / ZOB,,,,,,,,,,,";;;;;;;;;;;;;;;;;;
"308,yes,bus_stop,5003,Ernst-Braune-Straße,HVV,KVG,platform,""Lüneburg, Ernst-Braune-Straße"",no,,53.2396866,10.3885644,2904546324,no,,no,yes,,,,,,Kein Kasseler Bord,,,,,,,,,,,,,,";;;;;;;;;;;;;;;;;;
"309,,bus_stop,,Bessemerstraße,HVV,KVG,platform,""Lüneburg, Bessemerstraße"",no,,53.2697777,10.4128482,2973160587,,5005";ASM,,,,,,,,,,,,,,,,,,,,,,;;;;;;;;;;;;;;;;;
"310,,bus_stop,,Bessemerstraße,HVV,KVG,platform,""Lüneburg, Bessemerstraße"",yes,,53.2698832,10.4125268,2973160588,yes,5005";ASM,,,,,,,,,,,,,,,,,,,,,,;;;;;;;;;;;;;;;;;
"311,yes,bus_stop,,Goebelstraße,HVV,KVG,platform,""Lüneburg, Goebelstraße"",no,,53.2686050,10.4170492,2973160589,,5005";ASM,,,,,,,,,,,,,,,,,,,,,,;;;;;;;;;;;;;;;;;
312,yes,bus_stop,,SZ Kaltenmoor,HVV,KVG,platform,,,,53.2390035,10.4362805,3007498666,,,,,,,,,,,,,,,,,,,,,,,,;;;;;;;;;;;;;;;;;;
"313,yes,bus_stop,,Kloster Lüne,HVV,KVG,platform,""Lüneburg, Kloster Lüne"",yes,,53.2609955,10.4233448,3010809632,,,,,,,,,,,,,,,,,,,,,,,,";;;;;;;;;;;;;;;;;;
314,,bus_stop,,Nikolaihof,HVV,KVG,platform,,no,yes,53.2915066,10.3954401,3027732261,no,5002;5402;5405,no,,,,,,,,,,,,,,,,,,,,,;;;;;;;;;;;;;;;;
"315,,bus_stop,5007,Sportzentrum,HVV,KVG,platform,""Adendorf, Sportzentrum"",,,53.2890692,10.4541385,3039338911,,,,,,,,,,,,,,,,,,,,,,,,";;;;;;;;;;;;;;;;;;
"316,,bus_stop,5007,Von-Stauffenberg-Straße,HVV,KVG,platform,""Adendorf, Von-Stauffenberg-Straße"",yes,,53.2819812,10.4407547,3039338912,yes,,no,yes,,,,yes,,,,,,,,,,,,,,,,";;;;;;;;;;;;;;;;;;
"317,,bus_stop,5007,DRK-Heim,HVV,KVG,platform,""Adendorf, DRK-Heim"",,,53.2801254,10.4461997,3039338913,,,,,,,,,,,,,,,,,,,,,,,,";;;;;;;;;;;;;;;;;;
"318,,bus_stop,5007,DRK-Heim,HVV,KVG,platform,""Adendorf, DRK-Heim"",,,53.2799921,10.4465714,3039338914,,,,,,,,,,,,,,,,,,,,,,,,";;;;;;;;;;;;;;;;;;
"319,yes,bus_stop,""5007, 5700"",Ginsterweg,HVV,KVG,platform,""Lüneburg, Ginsterweg"",yes,,53.2328076,10.3963103,3044686551,yes,,no,yes,,,,,2021-04-27,Kein Kasseler Bord,,,,,,,,,,,,,,";;;;;;;;;;;;;;;;;;
"320,yes,bus_stop,,Hasenburger Berg,HVV,KVG,platform,""Lüneburg, Hasenburger Berg"",no,,53.2356105,10.3977854,3046813394,no,,no,no,,,,,,Kein Kasseler Bord vorhanden,,,,,,,,,,,,,,";;;;;;;;;;;;;;;;;;
"321,yes,bus_stop,,Hasenburger Berg,HVV,KVG,platform,""Lüneburg, Hasenburger Berg"",no,,53.2356652,10.3980164,3046813395,no,,yes,no,,,,,,Kein Kasseler Bord vorhanden,,,,,,,,,,,,,,";;;;;;;;;;;;;;;;;;
"322,yes,bus_stop,5007,Zentralfriedhof,HVV,KVG,platform,""Lüneburg, Zentralfriedhof"",no,,53.2370178,10.3988728,3046813396,no,,no,no,,,,,,Kein Kasseler Bord vorhanden,,,,,,,,,,,,,,";;;;;;;;;;;;;;;;;;
"323,yes,bus_stop,5007,Zentralfriedhof,HVV,KVG,platform,""Lüneburg, Zentralfriedhof"",no,,53.2376640,10.3990103,3046813397,no,,no,no,,,,,,Kein Kasseler Bord vorhanden,,,,,,,,,,,,,,";;;;;;;;;;;;;;;;;;
"324,,bus_stop,""5003, 5806-ASM"",Am Eiskeller,HVV,KVG,platform,""Lüneburg, Am Eiskeller"",yes,,53.2362354,10.3850037,3056385717,yes,,no,,,,,,,Kein Kasseler Bord,,,Linien 5003 und 5806-ASM in beide Richtungen (Haltestelle aber nur auf einer Seite der Fahrbahn),,,,,,,,,,,";;;;;;;;;;;;;;;;;;
"325,yes,bus_stop,""5003, 5806-ASM"",Auf dem Knieberg,HVV,KVG,platform,""Lüneburg, Auf dem Knieberg"",no,,53.2356314,10.3884282,3056385718,no,,no,no,,,,,,Kein Kasseler Bord,,,,,,,,,,,,,,";;;;;;;;;;;;;;;;;;
"326,yes,bus_stop,""5003,5920"",Heidkamp,HVV,KVG,platform,""Lüneburg, Heidkamp"",no,,53.2350280,10.3931163,3056385719,no,,,,,,,,,,,,,,,,,,,,,,,";;;;;;;;;;;;;;;;;;
"327,yes,bus_stop,""5003, 5806-ASM"",Meinekenhop,HVV,KVG,platform,""Lüneburg, Meinekenhop"",yes,,53.2375288,10.3876742,3056385720,yes,,no,yes,,,,,,,,no,,,,,,,,,2021-11-12,,,";;;;;;;;;;;;;;;;;;
"328,yes,bus_stop,""5003, 5806-ASM"",Ringstraße,HVV,KVG,platform,""Lüneburg, Ringstraße"",yes,,53.2358785,10.3893600,3056385721,yes,,,,,,,,,,,,,,,,,,,,,,,";;;;;;;;;;;;;;;;;;
"329,yes,bus_stop,5019,Bülows Kamp,HVV,,platform,""Lüneburg, Bülows Kamp"",no,,53.2305165,10.4472325,3108852849,no,,no,,,,,,,,,,,,,,,,,,,,,";;;;;;;;;;;;;;;;;;
330,yes,bus_stop,5003;5007;5201;5600;5700;5702;"5919,Soltauer Straße (Kurzentrum),HVV,KVG,platform,""Lüneburg, Soltauer Straße (Kurzentrum)"",no,yes,53.2412190,10.4016865,3109981532,,,,,,,,,,,,,,,,,,,,,,,,";;;;;;;;;;;;
331,yes,bus_stop,5003;5007;5201;5600;5700;5702;"5919,Soltauer Straße (Kurzentrum),HVV,KVG,platform,""Lüneburg, Soltauer Straße (Kurzentrum)"",yes,yes,53.2414763,10.4026662,3109981533,,,,,,,,,,,,,5003: Richtung Bahnhof / ZOB Weitere Buslinien fehlen!,,,,,,yes,,,,,";;;;;;;;;;;;
"332,yes,bus_stop,,Clamartpark,HVV,KVG,platform,""Lüneburg, Clamartpark"",no,,53.2457263,10.4094815,3136293741,yes,,yes,yes,,,,no,,,,,,,,,,,,,,,,";;;;;;;;;;;;;;;;;;
"333,yes,bus_stop,""5003,5920"",Hasenburger Schule,HVV,KVG,platform,""Lüneburg, Hasenburger Schule"",yes,,53.2331247,10.3973858,3191900781,,,,,,,,,,,,,,,,,,,,,,,,";;;;;;;;;;;;;;;;;;
"334,,bus_stop,,Bei Mönchsgarten,HVV,KVG,platform,""Lüneburg, Bei Mönchsgarten"",no,limited,53.2529913,10.3905525,3211150416,no,5009";ASM,no,,,,,,,,,,,,,,,,,,,,,;;;;;;;;;;;;;;;;;
"335,,bus_stop,,Psychiatrische Klinik,HVV,KVG,platform,""Lüneburg, Psychiatrische Klinik"",no,limited,53.2543858,10.3882448,3211150417,,5009";ASM,no,,,,,,,,,,,,,Lage nur geschätzt,,,,,,,,;;;;;;;;;;;;;;;;;
"336,,bus_stop,,Bahnhofstraße,HVV,KVG,platform,""Bardowick, Bahnhofstraße"",no,yes,53.2910843,10.3802840,3225614869,,5002";5403;5404,,,,,,,,,,,,,,,,,,,,,,;;;;;;;;;;;;;;;;
"337,yes,bus_stop,,Hagemannsweg,HVV,KVG,platform,""Lüneburg, Hagemannsweg"",,,53.2808472,10.3988018,3225614870,,,,,,,,,,,,,,,,,,,,,,,,";;;;;;;;;;;;;;;;;;
"338,,bus_stop,,Schwarzer Weg,HVV,KVG,platform,""Bardowick, Schwarzer Weg"",no,,53.2887674,10.3963560,3225614873,,5002";5402;5405;ASM,,,,,,,,,,,,,,,,,,,,,,;;;;;;;;;;;;;;;
"339,,bus_stop,,St.-Nikolai-Straße (Schule),HVV,KVG,platform,""Bardowick, St.-Nikolai-Straße (Schule)"",no,yes,53.2924355,10.3890310,3225614874,,5002,,,,,,,,,,,,,,,,,,,,,,";;;;;;;;;;;;;;;;;;
"340,,bus_stop,5404,Thiessendörper Weg,HVV,KVG,platform,""Bardowick, Thiessendörper Weg"",no,yes,53.2890072,10.3908372,3225614875,no,,no,yes,,,,yes,,,,no,,,,,,,,,,,,";;;;;;;;;;;;;;;;;;
"341,,bus_stop,,Bahnhofstraße,HVV,KVG,platform,""Bardowick, Bahnhofstraße"",yes,yes,53.2912250,10.3810842,3227603540,,5002";5403;5404,,,,,,,,,,,,,,,,,,,,,,;;;;;;;;;;;;;;;;
"342,yes,bus_stop,,Finanzamt,HVV,KVG,platform,""Lüneburg, Finanzamt"",no,,53.2556236,10.4120099,3227603541,no,,no,,,,,,,,,,,,,Lage nur geschätzt,,,,,,,,";;;;;;;;;;;;;;;;;;
"343,yes,bus_stop,,Königsberger Straße,HVV,KVG,platform,""Lüneburg, Landwehr"",,,53.2627692,10.4086651,3227603542,,,,,,,,,,,,,,,,,,,,,,Bing,,";;;;;;;;;;;;;;;;;;
"344,,bus_stop,,Landwehr,HVV,KVG,platform,""Lüneburg, Landwehr"",yes,,53.2835917,10.3957609,3227603543,yes,4714";5002;5402;5405;ASM,no,yes,,,,no,,,,,,,,,,,,,,,,;;;;;;;;;;;;;;
345,,bus_stop,,Nikolaihof,HVV,KVG,platform,,no,yes,53.2919579,10.3946792,3227603544,yes,5002;5402;5405,,,,,,,,,,,,,,,,,,,,,,;;;;;;;;;;;;;;;;
"346,,bus_stop,,Schwarzer Weg,HVV,KVG,platform,""Bardowick, Schwarzer Weg"",,yes,53.2888323,10.3961835,3227603546,,5002";5402;5405;ASM,,,,,,,,,,,,,,,,,,,,,,;;;;;;;;;;;;;;;
"347,,bus_stop,,St.-Nikolai-Straße (Schule),HVV,KVG,platform,""Bardowick, St.-Nikolai-Straße (Schule)"",yes,,53.2923763,10.3888537,3227603547,,5002,,,,,,,,,,,,,,,,,,,,,,";;;;;;;;;;;;;;;;;;
"348,,bus_stop,,Markt,HVV,KVG,platform,""Bardowick, Markt"",no,,53.2978596,10.3931077,3228615575,,5002";ASM,,,,,,,,,,,,,,,,,,,,,,;;;;;;;;;;;;;;;;;
"349,,bus_stop,,Pieperstraße,HVV,KVG,platform,""Bardowick, Pieperstraße"",no,,53.2950296,10.3933335,3228615577,,5002,,,,,,,,,,,,,,,,,,,,,,";;;;;;;;;;;;;;;;;;
"350,yes,bus_stop,,Am Graben,HVV,KVG,platform,""Lüneburg, Am Graben"",no,,53.2668709,10.4180528,3233157084,no,5005";ASM,no,yes,,,,no,,Kein Kasseler Bord,,,,,,,,,,,,,,;;;;;;;;;;;;;;;;;
"351,yes,bus_stop,,Am Graben,HVV,KVG,platform,""Lüneburg, Am Graben"",no,,53.2667627,10.4182724,3233157085,no,5005";ASM,no,no,,,,yes,,Kein Kasseler Bord,,,,,,,,,,,,,,;;;;;;;;;;;;;;;;;
"352,,bus_stop,,Böcklerstraße/TÜV,HVV,KVG,platform,""Lüneburg, Boecklerstraße (TÜV)"",no,,53.2716586,10.4098875,3233157086,,5005";ASM,,,,,,,,,,,,,,,,,,,,,,;;;;;;;;;;;;;;;;;
"353,,bus_stop,,Böcklerstraße/TÜV,HVV,KVG,platform,""Lüneburg, Boecklerstraße (TÜV)"",no,,53.2715512,10.4090324,3233157087,no,5005";ASM,no,,,,,no,,,,,,,,,,,,,,,,;;;;;;;;;;;;;;;;;
"354,,bus_stop,,Eisenbahnbrücke,HVV,KVG,platform,""Lüneburg, Eisenbahnbrücke"",no,,53.2623711,10.4189258,3233157088,no,5005";ASM,no,yes,,,,no,,Kein Kasseler Bord,,,,,,,,,,,,,,;;;;;;;;;;;;;;;;;
"355,,bus_stop,,Eisenbahnbrücke,HVV,KVG,platform,""Lüneburg, Eisenbahnbrücke"",no,,53.2624626,10.4191154,3233157089,no,5005";ASM,no,no,,,,yes,,,,,,,,Lage nur geschätzt,,,,,,,,;;;;;;;;;;;;;;;;;
"356,,bus_stop,,Goseburgstraße,HVV,KVG,platform,""Lüneburg, Goseburgstraße"",no,,53.2646288,10.4181483,3233157090,no,5005";ASM,no,yes,,,,,,Kein Kasseler Bord,,,,,,,,,,,,,,;;;;;;;;;;;;;;;;;
"357,,bus_stop,,Goseburgstraße,HVV,KVG,platform,""Lüneburg, Goseburgstraße"",no,,53.2644417,10.4183559,3233157091,yes,5005";ASM,no,no,,,,yes,,Kein Kasseler Bord,,,,,,,,,,,,,,;;;;;;;;;;;;;;;;;
"358,yes,bus_stop,,Ilmenaucenter,HVV,KVG,platform,""Lüneburg, Ilmenaucenter"",no,,53.2608424,10.4165325,3233157092,no,5005";ASM,no,no,,,,no,,Kein Kasseler Bord,,,,,,,,,,,,,,;;;;;;;;;;;;;;;;;
"359,yes,bus_stop,,Ilmenaucenter,HVV,KVG,platform,""Lüneburg, Ilmenaucenter"",no,,53.2608864,10.4162537,3233157093,no,5005";ASM,no,no,,,,yes,,Kein Kasseler Bord,,,,,,,,,,,,,,;;;;;;;;;;;;;;;;;
"360,yes,bus_stop,,Konrad-Zuse-Allee,HVV,KVG,platform,""Lüneburg, Konrad-Zuse-Allee"",no,,53.2561248,10.4169116,3233157094,,,,,,,,,,,,,,,,,,,,,,,,";;;;;;;;;;;;;;;;;;
"361,yes,bus_stop,,Konrad-Zuse-Allee,HVV,KVG,platform,""Lüneburg, Konrad-Zuse-Allee"",yes,,53.2550027,10.4163791,3233157095,no,,no,no,,,,no,,,,,,,,,,,,,,,,";;;;;;;;;;;;;;;;;;
"362,,bus_stop,,Bei der Pferdehütte,HVV,KVG,platform,""Lüneburg, Bei der Pferdehütte"",no,,53.2738643,10.4049475,3234147046,yes,5005";ASM,no,yes,,,,no,,,,,,,,,,,,,,,,;;;;;;;;;;;;;;;;;
"363,yes,bus_stop,,Schomakerstraße,HVV,KVG,platform,""Lüneburg, Schomakerstraße"",no,,53.2539977,10.3996190,3234147047,no,5005";ASM,no,,,,,,,,,,,,,,,,,,,,,;;;;;;;;;;;;;;;;;
"364,,bus_stop,,Dorfstraße,HVV,KVG,platform,""Erbstorf, Dorfstraße"",no,,53.2766905,10.4717328,3241135967,,5007";AST,,,,,,,,,,,,,,,,,,,,,,;;;;;;;;;;;;;;;;;
"365,yes,bus_stop,,EDEKA,HVV,KVG,platform,""Lüneburg, EDEKA"",,,53.2813577,10.4232857,3241135968,,,,,,,,,,,,,,,,,,,,,,,,";;;;;;;;;;;;;;;;;;
"366,,bus_stop,,Röntgenstraße,HVV,KVG,platform,""Adendorf, Röntgenstraße"",no,,53.2821277,10.4480258,3242423761,no,5007";ASM,no,no,,,,,,,,,,,,,,,,,,,,;;;;;;;;;;;;;;;;;
367,,bus_stop,,Brockwinklerweg,HVV,KVG,,,no,,53.2570492,10.3863261,3273986768,no,,no,,,,,,,,,,,,,,,,,,,,,;;;;;;;;;;;;;;;;;;
"368,,bus_stop,,""Erbstorf, Feuerwehr"",HVV,KVG,platform,""Erbstorf, Feuerwehr"",yes,,53.2757234,10.4743201,3335699957,,5007";5918;5920;5925,,,,,,,,,,,,,,,,,,,,,,;;;;;;;;;;;;;;;
"369,,bus_stop,,Dorfstraße,HVV,KVG,platform,""Erbstorf, Dorfstraße"",no,,53.2767561,10.4718028,3335839450,,5007";5918;5920;AST,,,,,,,,,,,,,,,,,,,,,,;;;;;;;;;;;;;;;
"370,yes,bus_stop,5001,An der Roten Bleiche (Universität),HVV,KVG,platform,""Lüneburg, An der Roten Bleiche"",yes,,53.2387357,10.4132004,3338569132,yes,,yes,,,,,,,,,,,,,,,,,,,,,";;;;;;;;;;;;;;;;;;
"371,yes,bus_stop,5001,Feldstraße (Universität),HVV,KVG,platform,""Lüneburg, Feldstraße (Universität)"",no,,53.2420275,10.4137315,3338569134,no,,yes,no,,,,yes,,,,,,,,,,,,,,,,";;;;;;;;;;;;;;;;;;
"372,,bus_stop,,GHS Kreideberg,HVV,KVG,platform,""Lüneburg, GHS Kreideberg"",no,,53.2619427,10.3982108,3348003479,,,no,,,,,,,,,,,,,,,,,,,,,";;;;;;;;;;;;;;;;;;
"373,,bus_stop,,Herderschule,HVV,KVG,platform,""Lüneburg, Herderschule"",no,,53.2558772,10.3913545,3348003480,no,5404";5919,no,,,,,,,,,,,,,,,,,,,,,;;;;;;;;;;;;;;;;;
"374,yes,bus_stop,,Spechtsweg,HVV,KVG,platform,""Lüneburg, Spechtsweg"",,,53.2323864,10.4164645,3348003482,,,,,,,,,,,,,,,,,,,,,,,ASM,";;;;;;;;;;;;;;;;;;
"375,,bus_stop,,Artlenburger Landstraße,HVV,KVG,platform,""Lüneburg, Artlenburger Landstraße"",no,,53.2794438,10.4274564,3380204864,,,no,,,,,,,,,,,,,,,,,,,,,";;;;;;;;;;;;;;;;;;
"376,yes,bus_stop,,""Erbstorf, Wendeplatz"",,,platform,,no,,53.2736060,10.4763801,4338084486,,5007";AST,,,,,,,,,,,,,,,,,,,,,,;;;;;;;;;;;;;;;;;
"377,,bus_stop,,Feldstraße,,,platform,""Bardowick, Feldstraße"",yes,yes,53.2894336,10.3702017,4515532881,no,5002";5403;5404;ASM,no,no,,,,no,,,,,,,,,,,,,,,,;;;;;;;;;;;;;;;
"378,,bus_stop,,Feldstraße,,,platform,""Bardowick, Feldstraße"",no,yes,53.2895323,10.3702523,4515532883,no,5002";5403;5404;ASM,no,no,,,,no,,,,,,,,,,,,,,,,;;;;;;;;;;;;;;;
379,,bus_stop,,Hamburger Landstraße,,,platform,,no,,53.2935428,10.3868997,4892725160,yes,4714;5402,,,,,,,,,,,,,,,,,,,,,,;;;;;;;;;;;;;;;;;
380,,bus_stop,,Schulzentrum,,,platform,,no,,53.2928615,10.3899292,4892725162,,-,,,,,,,,,,,,,,,,,,,,,,;;;;;;;;;;;;;;;;;;
381,,bus_stop,,Schulzentrum,,,platform,,no,,53.2926619,10.3896315,4892725163,,5405,,,,,,,,,,,,,,,,,,,,,,;;;;;;;;;;;;;;;;;;
382,,bus_stop,,Schulzentrum,,,platform,,no,,53.2926608,10.3900630,4892725164,,5405,,,,,,,,,,,,,,,,,,,,,,;;;;;;;;;;;;;;;;;;
383,yes,bus_stop,,,,,platform,,,,53.2616223,10.4262302,5681576735,,,,,,,,yes,,,,,,,,,,,,,,,,paved;;;;;;;;;;;;;;;;;;
384,yes,bus_stop,,,,,platform,,,,53.2616709,10.4263212,5681576736,,,,,,,,yes,,,,,,,,,,,,,,,,paved;;;;;;;;;;;;;;;;;;
385,,bus_stop,,Finkenweg,HVV,PVG,platform,,yes,,53.2705059,10.3617945,5833469985,yes,5009;5404;ASM,no,,,,,,,,,,,,,Bitte die vorhandenen Buslinienrelationen auf die beiden Haltestellenplatformen aufteilen!,,,,,,,,;;;;;;;;;;;;;;;;
"386,,bus_stop,5004,Tartuer Platz,HVV,KVG,platform,""Lüneburg, Tartuer Platz"",no,,53.2528511,10.4329656,6104223415,no,,yes,no,,,,no,,,,no,,,,,,,,,,,,";;;;;;;;;;;;;;;;;;
"387,yes,bus_stop,5019,Konrad-Adenauer-Straße Ost,HVV,,platform,""Lüneburg, Konrad-Adenauer-Straße Ost"",no,,53.2312612,10.4451221,7061659845,no,,yes,,,,,,,,,,,,,,,,,,,,,";;;;;;;;;;;;;;;;;;
