,element_type,osmid,name,geometry
0,node,1830066645,Abzweigung Bennerstedt,POINT (10.4869702 53.3146462)
1,node,8523611360,Lüneburger Straße,POINT (10.5227006 53.2288511)
3,node,4363687998,"Karze, An den Hauskoppeln",POINT (10.6739869 53.314295)
4,node,175237700,Universitätsallee,POINT (10.4052614 53.230091)
6,node,957142825,"Artlenburg, Grünstraße",POINT (10.4921805 53.3719336)
7,node,293938369,Bei Mönchsgarten,POINT (10.3904939 53.2529278)
8,node,298511484,Hermann-Löns-Straße,POINT (10.4357546 53.2611082)
10,node,114241120,Wilhelm-Leuschner-Straße,POINT (10.4442936 53.236347)
11,node,1459109815,Graf-von-Moltke-Straße,POINT (10.4385436 53.2372693)
12,node,414692562,St.-Stephanus-Platz,POINT (10.4347836 53.2385554)
13,node,7960254627,Konrad-Adenauer-Straße,POINT (10.4319275 53.2377656)
14,node,275404815,Waldfriedhof,POINT (10.429653 53.2361294)
15,node,1872332223,Schäferfeld,POINT (10.4287246 53.2378491)
16,node,279632687,Kurt-Schumacher-Straße,POINT (10.4269383 53.2401354)
17,node,307769211,Blümchensaal,POINT (10.4230445 53.2433336)
18,node,1053737986,Theodor-Heuss-Straße,POINT (10.4329576 53.2462219)
19,node,301861007,Venusberg (Johanneum),POINT (10.4303141 53.2465477)
20,node,301860995,Ziegelkamp,POINT (10.4276158 53.2474105)
21,node,201192065,Am Schützenplatz,POINT (10.4236403 53.2487451)
22,node,309164430,"Deutsch Evern, Triftstraße",POINT (10.4383763 53.2028361)
23,node,272771855,Becklingen,POINT (10.638701 53.1685565)
24,node,311743901,"Radbruch, Schäfer-Ast-Straße",POINT (10.2858188 53.3115371)
25,node,4133634392,"Thomasburg, Radenbecker Weg",POINT (10.6537654 53.2297167)
26,node,313574492,Abzweig Dumstorf,POINT (10.6967738 53.1893837)
27,node,3790432850,"Köstorf, Abzw. Barskamp",POINT (10.7566624 53.2330487)
28,node,1713950571,Abzweig Radenbeck,POINT (10.6206885 53.2012926)
30,node,369792808,Mitte / B216,POINT (10.6378781 53.1973134)
31,node,319989751,Breetzer Straße,POINT (10.7248594 53.2821702)
32,node,276915521,Wichernstraße,POINT (10.397792 53.2268409)
33,node,1690093376,Anna-Vogeley-Heim,POINT (10.3984829 53.2251001)
34,node,1690093389,Am Elsenbruch,POINT (10.4012942 53.2245326)
35,node,322053789,Röntgenstraße / Kirche,POINT (10.4024801 53.2227054)
36,node,322051827,Röntgenstraße,POINT (10.4028648 53.2207693)
37,node,322053484,Planckstraße,POINT (10.404717 53.2192047)
38,node,323130818,Neetzebrücke,POINT (10.6150702 53.2650616)
40,node,333248611,Reichenbachplatz,POINT (10.4106941 53.2531248)
41,node,332606128,Bürgeramt,POINT (10.4092892 53.2522431)
43,node,336363945,"Radenbeck, Siedlung",POINT (10.6264241 53.2178751)
44,node,314666239,Markt,POINT (10.7418278 53.1870816)
46,node,317179812,Meisterweg,POINT (10.4317204 53.2599086)
48,node,705465966,Hansestraße,POINT (10.4261391 53.2555935)
50,node,296886493,Henningstraße,POINT (10.4233245 53.2525633)
52,node,201192013,Pulverweg (Nord),POINT (10.422458 53.2511748)
61,node,274309813,Theodor-Haubach-Straße,POINT (10.4422643 53.2341433)
63,node,114240790,Bülows Kamp,POINT (10.4459154 53.2314995)
64,node,414685401,Klosterkamp,POINT (10.4460096 53.2292609)
65,node,1249144962,Hermann-Wagner-Straße,POINT (10.4441928 53.2288883)
67,node,282853219,Hinrich-Wilhelm-Kopf-Straße,POINT (10.4337268 53.2393598)
71,node,452997887,"Handorf, Grundschule",POINT (10.3467072 53.3419322)
72,node,2301671297,Im Kirchfelde,POINT (10.3196032 53.2800856)
73,node,292157701,"Barum, Am Sportplatz",POINT (10.4088761 53.3509372)
75,node,4013236506,Am Sande,POINT (10.4107075 53.2477583)
79,node,7173992955,Oedeme Dorf,POINT (10.3769693 53.228942)
81,node,374359791,Im Kamp,POINT (10.3850765 53.2222253)
82,node,276915516,Scharnhorststraße/DJH,POINT (10.3971229 53.2300297)
83,node,1658400344,Blücherstraße,POINT (10.4000814 53.2311691)
84,node,249238920,Imkerstieg,POINT (10.388762 53.2746341)
85,node,387439255,Neue Straße,POINT (10.431328 53.274525)
86,node,546443116,Danziger Weg,POINT (10.4383568 53.2816633)
87,node,268638584,MTV-Platz,POINT (10.4049563 53.2353498)
88,node,111246549,Kurpark,POINT (10.4043801 53.2384105)
90,node,114242620,Uelzener Straße (Kurzentrum),POINT (10.4044333 53.2404345)
91,node,305382797,Munstermannskamp,POINT (10.4052689 53.232103)
92,node,402986884,Osterwiese,POINT (10.3746107 53.2148267)
93,node,403012178,Klosterweg,POINT (10.371994 53.2117385)
94,node,3348587797,Ginsterweg,POINT (10.3959836 53.2326736)
95,node,1057013365,Am Schwalbenberg,POINT (10.4223308 53.2459133)
97,node,262253660,Wallstraße (Theater),POINT (10.4072015 53.245682)
98,node,539018433,Postamt,POINT (10.4038332 53.2429593)
102,node,297426712,Hasenburg,POINT (10.3940989 53.2255233)
104,node,389948830,Eintracht Sportplatz,POINT (10.3854737 53.2211913)
106,node,402916911,Am Bahnhof Rettmer,POINT (10.3816755 53.21947)
107,node,403012164,Wiesengrund,POINT (10.3746747 53.2134269)
108,node,2618162533,Pilgerpfad,POINT (10.3783934 53.2099019)
109,node,7799257024,Am Wischfeld,POINT (10.3882696 53.2112187)
110,node,3267192184,Hessenweg (Mitte),POINT (10.3879839 53.2138366)
111,node,393498311,Am Bäckfeld,POINT (10.3886319 53.2166547)
112,node,402916874,Häcklinger Weg,POINT (10.387037 53.2197354)
114,node,353270704,B 4 Parkplatz,POINT (10.345182 53.3345096)
115,node,268415869,Stadttheater,POINT (10.4076949 53.2439859)
117,node,2907063685,Sültenweg,POINT (10.3929476 53.244192)
119,node,318640483,Am Grasweg,POINT (10.3881566 53.2461189)
120,node,382390327,Jägerstraße,POINT (10.3847644 53.2489566)
121,node,268233024,Johanna-Stegen-Straße,POINT (10.3874009 53.2494991)
122,node,178848802,Vor dem Neuen Tore,POINT (10.3924213 53.2500778)
123,node,828077495,Dörnbergstraße,POINT (10.3938125 53.2511306)
124,node,308648777,Witzendorffstraße,POINT (10.3923654 53.2565779)
125,node,4827722223,Ebelingweg,POINT (10.3911893 53.2614652)
127,node,414191921,Naruto-Straße,POINT (10.3852786 53.2693964)
128,node,381911675,Krähornsberg,POINT (10.3867792 53.2706226)
131,node,414237511,Teilfeld,POINT (10.3895463 53.2794573)
132,node,2371152648,Wilhelm-Hänel-Weg,POINT (10.4044742 53.2699592)
134,node,317133890,Am Wildgehege,POINT (10.3891011 53.2686373)
136,node,1037002221,Laffertstraße,POINT (10.3930618 53.255513)
137,node,293976961,Schomakerstraße,POINT (10.3996894 53.2540821)
138,node,178844318,Am Springintgut,POINT (10.4002528 53.2521255)
139,node,121149168,Am Graalwall,POINT (10.4027651 53.2509053)
140,node,2990731692,Neue Sülze,POINT (10.4040892 53.2478008)
141,node,262253493,Lambertiplatz,POINT (10.4031072 53.2456516)
146,node,262229788,Rathaus,POINT (10.4068106 53.2506572)
147,node,181308509,Kefersteinstraße (UNI),POINT (10.4102138 53.2406193)
149,node,109895066,Gut Willerding,POINT (10.4566119 53.225116)
151,node,385545644,Bahnhof,POINT (10.4336107 53.2000625)
153,node,385545626,Von-Kleist-Weg,POINT (10.4311623 53.1971633)
155,node,1834313719,"Deutsch Evern, Fritz-Reuter-Straße",POINT (10.4284361 53.1939183)
157,node,1834313713,"Deutsch Evern, Friedhof",POINT (10.4232358 53.1924397)
159,node,420381006,Deutsch Everner Weg,POINT (10.4159088 53.1860963)
160,node,385545545,"Deutsch Evern, An der Ilmenau",POINT (10.4196648 53.1957057)
162,node,393415825,"Deutsch Evern, Wandelfeld",POINT (10.4201711 53.1978557)
164,node,385545543,"Deutsch Evern, Finkenstieg",POINT (10.4204929 53.2018114)
166,node,385545536,"Deutsch Evern, Petersberg",POINT (10.4170104 53.2056615)
168,node,272618493,"Deutsch Evern, Am Tiergarten",POINT (10.4186211 53.2073704)
170,node,7462422450,"Deutsch Evern, Tiergartenstraße",POINT (10.4293826 53.2061751)
173,node,309179087,"Deutsch Evern, Birkenweg",POINT (10.4432816 53.2042662)
175,node,5254285882,Schützenstraße,POINT (10.4452134 53.2035664)
178,node,2316338604,Im Alten Dorfe,POINT (10.2968669 53.2083215)
180,node,181396837,Am Kreideberg,POINT (10.4042363 53.255164)
181,node,181396824,Stöteroggestraße (Süd),POINT (10.4020549 53.2556211)
182,node,500905961,Boizenburger Straße,POINT (10.3989629 53.2574691)
183,node,1029618352,Thorner Straße (West),POINT (10.3943921 53.2585943)
184,node,312506373,Thorner Platz,POINT (10.3997927 53.2595982)
185,node,253248083,Salzwedeler Straße,POINT (10.4032549 53.2606612)
186,node,312510075,Elbinger Straße,POINT (10.4028514 53.2627146)
187,node,312510076,Dessauer Straße,POINT (10.401462 53.2641491)
188,node,534870775,Magdeburger Straße,POINT (10.3993732 53.266558)
189,node,534870781,Stöteroggestraße (Nord),POINT (10.3993537 53.2644566)
198,node,2537095304,Brücke,POINT (10.3810417 53.331609)
199,node,408449519,Hasenburger Weg,POINT (10.3832526 53.2287752)
201,node,1678365436,Wallstraße,POINT (10.3864893 53.3009499)
203,node,312185027,Elba,POINT (10.4271323 53.2961666)
204,node,9028646324,Landwehrplatz,POINT (10.3574147 53.2479717)
206,node,443886412,Bardowicker Straße,POINT (10.5031696 53.2949054)
207,node,344892589,Lübbelau,POINT (10.4989646 53.2938205)
208,node,286511203,Finkenweg,POINT (10.3619305 53.2704586)
209,node,314645636,"Lemgrabe, Am Hasenberg",POINT (10.7044397 53.1711381)
210,node,1599089598,Lilienthalstraße,POINT (10.4599879 53.2437212)
212,node,1599748806,Von-Stern-Straße,POINT (10.4625961 53.245733)
214,node,119994771,Eisenwerk,POINT (10.4692372 53.249358)
216,node,7819577982,Gebrüder-Heyn-Straße,POINT (10.4656699 53.248161)
218,node,373161834,Hagen-Schule,POINT (10.4473637 53.2440639)
220,node,119100610,Wacholderweg,POINT (10.4425033 53.2452459)
222,node,301874635,Ahornweg,POINT (10.4381585 53.2465445)
224,node,672754332,Adendorfer Straße,POINT (10.5003095 53.2907226)
226,node,494088099,Boltersener Straße,POINT (10.5367548 53.2835213)
227,node,4346393490,"Boltersen, Rullstorfer Straße",POINT (10.5655161 53.2754359)
228,node,324239002,Nutzfelder Weg,POINT (10.5301085 53.2861568)
229,node,1050068557,Hauptstraße,POINT (10.5054053 53.2911209)
230,node,2869209506,Sportzentrum,POINT (10.4553245 53.2890979)
231,node,476600749,Grundschule,POINT (10.5095283 53.2926817)
235,node,304638989,Weinbergsweg Schule,POINT (10.4327074 53.2822368)
237,node,339024845,Meisterstraße,POINT (10.5102281 53.2939604)
238,node,489755319,Jürgenstorfer Straße,POINT (10.5973461 53.3233128)
239,node,30093348,K 2 / Zum Bahnhof,POINT (10.528343 53.2892813)
240,node,1204223255,Alte Dorfstraße,POINT (10.5397765 53.2891528)
241,node,567004808,"Scharnebeck, Echemer Straße",POINT (10.5057743 53.297607)
243,node,1086281126,"Lentenau, K28",POINT (10.5054742 53.2755473)
247,node,5113420637,"Reinstorf, Reinstorfer Kreuz",POINT (10.5684264 53.220633)
249,node,416969347,Im Sande,POINT (10.2803467 53.2301573)
252,node,266917632,Kirche,POINT (10.2939288 53.2303584)
253,node,8708546811,Im Wiesengrund,POINT (10.3009457 53.2311062)
255,node,3060045192,Landwehr,POINT (10.3957654 53.2839468)
256,node,454631858,Hagemannsweg,POINT (10.3983505 53.2810195)
257,node,417443430,Schulzentrum,POINT (10.4967743 53.2896025)
271,node,1705557196,Floetstraße,POINT (10.4091665 53.1800477)
272,node,277399793,Rote Schleuse,POINT (10.410347 53.2094935)
274,node,8524206695,"Melbeck, Uelzener Straße",POINT (10.4178352 53.1752435)
275,node,3037235993,Bernhard-Riemann-Straße,POINT (10.4054578 53.22347)
280,node,244401296,Von-Stauffenberg-Straße,POINT (10.4401651 53.282214)
281,node,301562193,Rauher Weg,POINT (10.434875 53.276487)
283,node,558971480,"Heiligenthal, Ort",POINT (10.3359066 53.2202422)
285,node,470937620,In de Tüünen,POINT (10.336901 53.2195772)
287,node,503301564,Heiligenthaler Straße,POINT (10.3021503 53.2287282)
290,node,564137024,"Melbeck, Danziger Straße",POINT (10.3722583 53.1809678)
291,node,577366509,"Embsen, Siedlung",POINT (10.3612379 53.1806562)
292,node,287098768,Kulturforum Wienebüttel,POINT (10.3744107 53.2644052)
293,node,577733836,"Brietlingen, Schierenweg",POINT (10.4343011 53.3141351)
294,node,382009302,"Brietlingen, Moorweg",POINT (10.4397463 53.3174256)
295,node,309229350,Ritzkamper Weg,POINT (10.4574358 53.327569)
297,node,346183779,Schwarzer Weg,POINT (10.428384 53.2715467)
298,node,302310334,Gut Olm,POINT (10.4541438 53.2614926)
300,node,7051227607,Abzweigung Ebensberg,POINT (10.4600774 53.2637503)
302,node,4338084488,Erbstorfer Landstraße,POINT (10.4778683 53.2739834)
304,node,988590957,Hölderlinstraße,POINT (10.4436723 53.2608865)
305,node,290823819,"Wendewisch, Campingplatz",POINT (10.6501668 53.3587971)
306,node,1049251506,"Riecklingen, Abzweigung",POINT (10.7099559 53.205882)
307,node,317985520,Leestahl 2,POINT (10.6997246 53.2079337)
309,node,1854036439,Am Kirchkamp,POINT (10.6965007 53.1789467)
310,node,121136981,Schule A,POINT (10.5369096 53.2254603)
312,node,277260345,"Embsen, Bahnhofstraße",POINT (10.3454169 53.177286)
314,node,663386180,"Embsen, Querlberg",POINT (10.3510466 53.1737042)
315,node,413541248,"Horndorf, Zur Doven Elbe",POINT (10.5885781 53.2144044)
316,node,8716573169,"Reinstorf, Hauptstraße",POINT (10.5723353 53.2342885)
317,node,1509822736,Forsthaus,POINT (10.3455259 53.1658521)
318,node,8717776249,"Barum, Abzweig Horburg",POINT (10.404422 53.353689)
319,node,9028751775,"Barum, Am See",POINT (10.411604 53.3506593)
321,node,5239244504,"Oerzen, Fliederstraße",POINT (10.327642 53.1921149)
323,node,2075922410,Hohe Luft,POINT (10.4174102 53.1751221)
324,node,277404766,"Bavendorf, Im Dorfe",POINT (10.6393535 53.1958992)
326,node,109400356,"Reinstorf, Am Vitusbach",POINT (10.5723556 53.2346506)
327,node,317549254,Neumühlener Weg,POINT (10.5683419 53.289706)
328,node,728601562,Möhlenkamp,POINT (10.5603385 53.2898973)
333,node,2117470702,Auf der Hausstelle,POINT (10.4764512 53.217232)
334,node,114244030,Feuerwehr,POINT (10.4695606 53.2158292)
335,node,1736935361,Ostlandring,POINT (10.4399979 53.242081)
336,node,285670612,Freibad,POINT (10.4423226 53.2409945)
337,node,7087531166,Kreuzkamp,POINT (10.4364118 53.286404)
338,node,395382564,Robert-Koch-Straße,POINT (10.4528497 53.2840109)
339,node,178823219,Friedhof,POINT (10.4481389 53.2855037)
340,node,392592179,Heinrich Heine Siedlung,POINT (10.464871 53.2786754)
341,node,395382514,An der Bünte,POINT (10.4601337 53.2803412)
342,node,3082975140,Heinrich-Hille-Straße,POINT (10.4428154 53.2861609)
343,node,1119349016,Weinbergsweg,POINT (10.4327 53.2853082)
351,node,339316060,"Radenbeck, Linnenkamp",POINT (10.6277678 53.2215393)
352,node,9029022165,"Radenbeck, Dorfstraße",POINT (10.6301273 53.224299)
353,node,8192691432,Siedlung,POINT (10.5916573 53.2412736)
355,node,376360688,"Brietlingen, Am Sportplatz",POINT (10.436449 53.3191189)
357,node,3206896896,Goebelstraße,POINT (10.4167169 53.26866)
358,node,2681822369,"Echem, Schulstraße",POINT (10.5430609 53.3376807)
359,node,301562204,Grüner Weg,POINT (10.432352 53.272947)
360,node,301562172,Lindenweg,POINT (10.4380841 53.2730333)
362,node,2362894581,Otto-Brenner-Straße (Kehre),POINT (10.4837546 53.2364276)
363,node,382011053,"Brietlingen, Stettiner Ring",POINT (10.4441547 53.3134023)
365,node,7207493398,Sternkamp,POINT (10.4057395 53.2669292)
366,node,288004885,Kirchweg,POINT (10.436374 53.278698)
368,node,301881047,Bunsenstraße,POINT (10.4412818 53.2495011)
369,node,275637762,Bachstraße,POINT (10.4400425 53.2473918)
370,node,369971304,Rosenkamp,POINT (10.3790788 53.2244958)
371,node,1602198371,Schmiedestraße,POINT (10.3767866 53.2247574)
373,node,369971275,Rehrweg,POINT (10.3725779 53.2263697)
376,node,452899291,"Wittorf, Wiesenstraße",POINT (10.3800426 53.3322006)
377,node,382390323,Volgershall/UNI,POINT (10.3840653 53.249349)
378,node,113588289,Städtisches Klinikum,POINT (10.397306 53.2407753)
380,node,489755257,"Lüdersburg, Kirchtwiete",POINT (10.5738389 53.3204039)
382,node,260371872,Abzweigung Jürgenstorf,POINT (10.5951755 53.3304483)
383,node,1524824915,Melbeck Grundschule,POINT (10.404557 53.1787734)
384,node,294218205,Gifkendorf,POINT (10.5503194 53.1892645)
386,node,297767103,B 209,POINT (10.4945384 53.3681692)
387,node,319171756,Gerhart-Hauptmann-Straße,POINT (10.3395324 53.2463836)
388,node,355263024,Händelstraße,POINT (10.3420038 53.2517922)
389,node,355265900,Alter Postweg,POINT (10.3435316 53.2525452)
390,node,357421278,Lessingstraße,POINT (10.3398479 53.2496234)
391,node,359603064,Am Fuchsberg,POINT (10.3473817 53.2531473)
392,node,336245617,Im Westerfelde,POINT (10.349476 53.2522281)
393,node,301866124,Behördenzentrum (Ost),POINT (10.4313902 53.2509696)
394,node,484379283,Psychiatrische Klinik,POINT (10.3880794 53.2543494)
395,node,386775036,Am Bruch,POINT (10.3319859 53.3020685)
396,node,1603400020,Bei der Pferdehütte,POINT (10.4047332 53.2741646)
397,node,318656446,Alec-Moore-Straße,POINT (10.3812801 53.2465139)
399,node,89367284,Am Bargenturm,POINT (10.3985975 53.2452478)
400,node,318404239,Heidkoppelweg,POINT (10.4689526 53.2613986)
401,node,318404242,Memeler Straße,POINT (10.4680489 53.2602671)
402,node,318656460,William-Watt-Straße,POINT (10.38069 53.2448537)
403,node,281778288,Allensteiner Straße,POINT (10.463416 53.2641335)
406,node,275642168,"Erbstorf, Wendeplatz",POINT (10.4763614 53.2737862)
408,node,178849093,Jüttkenmoor,POINT (10.3849708 53.2479273)
411,node,419272371,Am Ziegeleiteich,POINT (10.4720436 53.2599796)
414,node,357349548,Ostlandstraße (Schule),POINT (10.3500738 53.2485861)
415,node,262620087,Schnellenberger Weg,POINT (10.3639159 53.2477958)
417,node,357417529,Ostlandstraße Spielplatz,POINT (10.3433004 53.2483843)
418,node,336407095,Am Lerchenberg,POINT (10.3674726 53.2470042)
419,node,5363848753,Am Schwarzen Berg,POINT (10.3434432 53.2453669)
420,node,430344880,Steinweg,POINT (10.4425957 53.2755805)
421,node,3082975156,Im Gutspark,POINT (10.4468141 53.286184)
422,node,430344915,Virchowstraße,POINT (10.4469601 53.2814563)
425,node,409100826,Teichaue,POINT (10.449058 53.2865534)
426,node,312184964,Moorchaussee,POINT (10.4478643 53.2889918)
427,node,3119436266,Kastanienallee,POINT (10.454844 53.2839238)
429,node,3119436360,Katzenweg,POINT (10.4572671 53.2868678)
431,node,7607589705,Friedrich-Ludwig-Jahn-Straße,POINT (10.4083952 53.235035)
432,node,111246659,Rotes Tor,POINT (10.4097351 53.2437968)
433,node,195848633,Goethestraße,POINT (10.4104754 53.2351006)
436,node,208986248,Hagen Wendeplatz,POINT (10.4519518 53.2428075)
439,node,317279940,Hopfengarten,POINT (10.4278875 53.2510849)
440,node,268638460,Wielandstraße,POINT (10.4108562 53.2377319)
441,node,120036482,Hans-Steffens-Weg,POINT (10.4349723 53.2509447)
442,node,322053497,Gaußstraße,POINT (10.4047485 53.222771)
448,node,273712613,Heinrich-Böll-Straße,POINT (10.4039471 53.2267352)
453,node,275907714,Carl-von-Ossietzky-Straße,POINT (10.4015929 53.2275296)
454,node,3087504050,Otto-Brenner-Straße,POINT (10.478437 53.2423045)
455,node,119994939,Flugplatz,POINT (10.4592049 53.2448717)
457,node,373161853,Walter-Bötcher-Straße,POINT (10.4459578 53.2455633)
458,node,302304521,Stadtkoppel,POINT (10.4492537 53.2461948)
459,node,7043202191,Kurt-Höbold-Straße,POINT (10.4778019 53.2402935)
460,node,2843007891,Richard-Brauer-Straße,POINT (10.4429666 53.2447657)
461,node,3699972417,Elso-Klöver-Straße,POINT (10.477347 53.2465791)
462,node,301866208,Gellersstraße,POINT (10.4300483 53.2478555)
463,node,7043202216,Wilhelm-Fressel-Straße,POINT (10.4760492 53.2390287)
474,node,5849955401,Große Hof,POINT (10.3745541 53.1342237)
475,node,8526782425,Abzw. Betzendorf,POINT (10.3727202 53.1351636)
476,node,196043670,Schildsteinweg,POINT (10.3914278 53.2407532)
477,node,976986466,Bauerholzweg,POINT (10.3722547 53.1388961)
478,node,276968755,Kampweg,POINT (10.382554 53.1578114)
479,node,511089699,Wiesenweg,POINT (10.3829747 53.1602771)
480,node,976986438,Mühlenberg,POINT (10.3710862 53.1423653)
481,node,277261028,Bokenkamp,POINT (10.3636165 53.1457606)
482,node,302887839,Finanzamt,POINT (10.4121817 53.2554488)
483,node,313957909,Auf dem Schmaarkamp,POINT (10.4105509 53.2603115)
484,node,1588318071,Auf der Hude,POINT (10.4136152 53.2583328)
488,node,2041723022,Tennispark,POINT (10.3849925 53.2598361)
489,node,1305577576,Kiefernweg,POINT (10.3526052 53.2753237)
491,node,287098772,Brockwinkler Weg,POINT (10.3866216 53.256493)
494,node,286287619,Dachtmisser Weg,POINT (10.3477471 53.2780348)
495,node,703728543,Niendorfer Weg,POINT (10.4727397 53.2140252)
499,node,7284444420,Große Straße,POINT (10.4871138 53.3709802)
500,node,311219666,"Göddingen, Wöppenberg",POINT (10.7610009 53.2566452)
501,node,311219673,"Göddingen, Am Fischteich",POINT (10.7642906 53.2535523)
502,node,7023976079,Neu Oerzen,POINT (10.3184746 53.1792981)
503,node,8708023922,"Wendhausen, Im Ort",POINT (10.5670338 53.2506276)
504,node,8390221907,"Melbeck, Gymnasium",POINT (10.4156375 53.1785399)
505,node,1624952652,Ebstorfer Straße,POINT (10.4043018 53.1789627)
506,node,185936322,"Barendorf, Dorfstraße",POINT (10.5212258 53.2244543)
508,node,1602107135,Neu Häcklingen,POINT (10.4055348 53.2094134)
511,node,5234486266,Am Rischpool,POINT (10.3791154 53.1810146)
512,node,942482191,Robert-Schumann-Straße,POINT (10.433913 53.2900786)
514,node,387439300,Königsberger Weg,POINT (10.4398725 53.2834046)
516,node,445774035,Kornblumenweg,POINT (10.4327786 53.2876679)
518,node,302900001,Röthenweg,POINT (10.4327278 53.2859085)
520,node,313954414,Zeltberg,POINT (10.4069669 53.2650556)
522,node,7510268775,Dorfplatz,POINT (10.3501768 53.2783682)
523,node,287436861,Am Stadtberg,POINT (10.3588328 53.2733993)
524,node,4065795354,Pumpenstation,POINT (10.3675583 53.2652064)
529,node,286287601,Friedhofsweg,POINT (10.3471319 53.2765812)
530,node,319992028,Heimathaus,POINT (10.7250696 53.2951218)
532,node,355298835,Marschweg,POINT (10.7201811 53.2971121)
534,node,275652358,"Bleckede, Auf dem Kamp",POINT (10.7366005 53.2891135)
535,node,319969924,Saatbau,POINT (10.7403748 53.2850418)
537,node,1801632891,Fähranleger,POINT (10.7342034 53.2977944)
538,node,1838158752,Buendorf,POINT (10.7519136 53.1843834)
540,node,1432208149,Quickborn,POINT (10.7529866 53.1861215)
542,node,6445357812,"Nindorf bei Bleckede, L222",POINT (10.7428188 53.2618189)
544,node,320064688,"Bleckede, Dahlenburger Straße",POINT (10.741308 53.2790683)
545,node,319974894,"Bleckede, Waldfrieden",POINT (10.7436216 53.2717076)
546,node,747323812,"Neu Wendischthun, Abzweig",POINT (10.78729 53.3036952)
548,node,747323812,Neu Wendischthun,POINT (10.7761113 53.3050591)
550,node,566592806,Vor der Westermarsch,POINT (10.3846317 53.2957478)
551,node,2307579589,"Artlenburg, Elbdeich",POINT (10.4826681 53.3751486)
552,node,3019763968,Scharnebecker Straße,POINT (10.4479667 53.3317514)
555,node,3749693091,"Rullstorf, Am Neetzekanal",POINT (10.5589707 53.2965617)
557,node,278806832,"Vastorf, Abzweigung Bahnhof",POINT (10.5499284 53.1989822)
559,node,1839897577,Denkmal,POINT (10.4432224 53.333012)
561,node,7623285536,"Brietlingen, Ort",POINT (10.4452223 53.3302669)
562,node,2481243764,"Walmsburg, Bruchdorfer Straße",POINT (10.8482356 53.2391409)
563,node,7611446379,"Garze, Große Straße 29",POINT (10.6950179 53.3072631)
564,node,846062334,"Nutzfelde, Am Walde",POINT (10.5173332 53.2686827)
566,node,2332372281,Vrestorfer Weg,POINT (10.4260987 53.2788106)
568,node,393141179,Thiessendörper Weg,POINT (10.3910124 53.2890091)
571,node,8479006739,Am Diemel,POINT (10.4009785 53.1803408)
573,node,578361745,Ätzberg,POINT (10.3949058 53.1774491)
575,node,2269708054,"Hittbergen, Roggenberg",POINT (10.5960677 53.3481539)
577,node,301567834,Südergellerser Weg,POINT (10.2524476 53.232284)
578,node,571528159,Hauptstraße (L 216),POINT (10.2483036 53.2329848)
579,node,277251847,Teufelsküche,POINT (10.384344 53.2382175)
580,node,266917061,Im Dorfe,POINT (10.2918703 53.2313242)
582,node,3133820777,Neu Süttorf,POINT (10.6839508 53.2731495)
583,node,322526004,Am Dorfplatz,POINT (10.624862 53.2653005)
584,node,767341122,"Sülbeck, An den Eichen (L 221)",POINT (10.56262 53.2652483)
585,node,566580956,Bühringsmoor,POINT (10.3594187 53.2922837)
587,node,8723627995,Radbrucher Weg,POINT (10.3622233 53.2903712)
589,node,566580954,Wendeplatz,POINT (10.3564185 53.2938238)
590,node,448194685,Witwenkamp,POINT (10.3650642 53.2891832)
592,node,319008950,Ernst-Braune-Straße,POINT (10.388196 53.23946)
594,node,1277149593,"Hittbergen, Kirche",POINT (10.5892276 53.3445894)
595,node,5249245058,Leuphana,POINT (10.4010697 53.2300356)
596,node,8526739908,Ort,POINT (10.5142698 53.2520864)
598,node,4363688126,"Neu Neetze, Am Milchberg",POINT (10.6495418 53.2888391)
599,node,1286093175,"Neu Neetze, Birkenhof",POINT (10.6532373 53.2920806)
600,node,3751608111,"Bleckeder Moor, Abzweigung",POINT (10.6580057 53.3008983)
601,node,1897714546,"Karze, Auf dem Weel",POINT (10.6683701 53.3107637)
602,node,2406049718,Große Straße 71,POINT (10.6846002 53.3088173)
603,node,2406049696,Große Straße 3,POINT (10.7061658 53.3016323)
604,node,346183826,Lüner Rennbahn,POINT (10.4227875 53.2748865)
605,node,1330162044,Schlachthof,POINT (10.4249277 53.2727519)
606,node,104072787,Auf den Blöcken,POINT (10.4613219 53.2384976)
610,node,274859677,"Bleckede, Rathaus",POINT (10.7321198 53.2907814)
611,node,425907797,Töpferdamm,POINT (10.7250404 53.2938286)
612,node,386927750,"Walmsburg, Kateminer Straße",POINT (10.8439138 53.2391182)
613,node,3324922587,"Barskamp, Markt",POINT (10.7837919 53.2441291)
614,node,320862727,"Bleckede, Elbweg",POINT (10.7518144 53.2846395)
616,node,2936483856,"Alt Garge, Waldbad",POINT (10.8044277 53.2580616)
617,node,3112209667,Brennbusch,POINT (10.7549585 53.2817049)
618,node,3324922573,Walmsburger Straße,POINT (10.7853326 53.2434432)
619,node,3371516337,Turnhalle,POINT (10.7981006 53.265378)
620,node,354506387,,POINT (10.7504645 53.2821462)
621,node,302553134,"Bleckede, Schiedenitzweg",POINT (10.7416057 53.2800631)
622,node,2481243765,Schieringen,POINT (10.8235273 53.2335364)
623,node,1075586972,"Reeßeln, Abzweigung",POINT (10.8611674 53.2354658)
624,node,2377705328,"Breetze, Bokelstraße",POINT (10.709379 53.2646484)
625,node,320131115,"Breetze, Ziegelei",POINT (10.7152808 53.270797)
626,node,297191245,"Artlenburg, Ost",POINT (10.5042912 53.3679135)
627,node,2973160630,Bessemerstraße,POINT (10.4128482 53.2697777)
630,node,1459111220,SZ Kaltenmoor,POINT (10.4362805 53.2390035)
631,node,582819370,Rettmer (Mitte),POINT (10.3697803 53.2139069)
633,node,5239344687,"Oerzen, Im Dorfe",POINT (10.3244054 53.1933078)
635,node,668998388,"Amelinghausen, Grundschule",POINT (10.2202329 53.1251788)
636,node,1259355587,Kastanienweg,POINT (10.1700179 53.126874)
637,node,665485671,Dehnsener Straße,POINT (10.1920065 53.1252587)
638,node,668998388,"Amelinghausen, Kirche",POINT (10.2126403 53.1245595)
639,node,665485671,Soltauer Straße,POINT (10.2084902 53.1247475)
641,node,318077802,Kloster Lüne,POINT (10.4233448 53.2609955)
642,node,2298685630,Nikolaihof,POINT (10.3954401 53.2915066)
645,node,270948120,DRK-Heim,POINT (10.4461997 53.2801254)
648,node,395336856,Hasenburger Berg,POINT (10.3977854 53.2356105)
650,node,268754159,Zentralfriedhof,POINT (10.3988728 53.2370178)
652,node,323190902,Am Eiskeller,POINT (10.3850037 53.2362354)
653,node,305333659,Auf dem Knieberg,POINT (10.3884282 53.2356314)
654,node,2693352776,Heidkamp,POINT (10.3931163 53.235028)
655,node,319010384,Meinekenhop,POINT (10.3876742 53.2375288)
656,node,175237596,Ringstraße,POINT (10.38936 53.2358785)
658,node,318900995,Soltauer Straße (Kurzentrum),POINT (10.4016865 53.241219)
662,node,4213538001,Sandfeld,POINT (10.7222326 53.2853563)
663,node,2936448612,Kurt-Löwenstein-Schule,POINT (10.7299436 53.2881094)
673,node,3347854743,Clamartpark,POINT (10.4094815 53.2457263)
674,node,395336864,Hasenburger Schule,POINT (10.3973858 53.2331247)
675,node,374423407,Rosenkamp Wendeplatz,POINT (10.3809308 53.2237159)
677,node,469967662,Övelgönner Weg,POINT (10.3918692 53.2298285)
691,node,6926404073,Bahnhofstraße,POINT (10.380284 53.2910843)
694,node,430358199,St.-Nikolai-Straße (Schule),POINT (10.389031 53.2924355)
698,node,2988597647,Königsberger Straße,POINT (10.4086651 53.2627692)
704,node,2368355707,Pieperstraße,POINT (10.3933335 53.2950296)
705,node,299750887,Am Graben,POINT (10.4180528 53.2668709)
707,node,299750852,Böcklerstraße/TÜV,POINT (10.4098875 53.2716586)
709,node,3957759599,Eisenbahnbrücke,POINT (10.4189258 53.2623711)
711,node,1754660733,Goseburgstraße,POINT (10.4181483 53.2646288)
713,node,181476668,Ilmenaucenter,POINT (10.4165325 53.2608424)
715,node,268638530,Konrad-Zuse-Allee,POINT (10.4169116 53.2561248)
719,node,401250060,Dorfstraße,POINT (10.4717328 53.2766905)
720,node,382366792,EDEKA,POINT (10.4232857 53.2813577)
723,node,339699613,Brockwinklerweg,POINT (10.3863261 53.2570492)
724,node,3305522864,"Wendewisch, Hittberger Straße 56",POINT (10.6336008 53.3445568)
725,node,401250060,"Erbstorf, Feuerwehr",POINT (10.4742246 53.2755275)
727,node,1687409703,An der Roten Bleiche (Universität),POINT (10.4132004 53.2387357)
728,node,111246693,Feldstraße (Universität),POINT (10.4137315 53.2420275)
729,node,351118780,GHS Kreideberg,POINT (10.3982108 53.2619427)
730,node,361362587,Herderschule,POINT (10.3913545 53.2558772)
731,node,292566443,Spechtsweg,POINT (10.4164645 53.2323864)
735,node,278240111,Abzweig Sommerbeck,POINT (10.6778814 53.1898413)
736,node,306530329,Ehrenfriedhof,POINT (10.7320747 53.1886856)
737,node,114242773,Kanalbrücke,POINT (10.4842206 53.2356735)
739,node,663385979,Amselweg,POINT (10.3449174 53.1714801)
746,node,8716771655,Heinsen,POINT (10.3447019 53.1592249)
748,node,419327205,Georg - Chors - Weg,POINT (10.2943277 53.2105163)
753,node,456388987,"Boltersen, Bahnhofstraße",POINT (10.5663192 53.2757253)
754,node,3366247101,Im Ort,POINT (10.5308366 53.2861978)
756,node,728601573,Neumühlen bei Rullstorf,POINT (10.5858354 53.2874917)
758,node,420155010,Das Rote Feld,POINT (10.2405714 53.2353327)
761,node,320858912,"Alt Garge, Hauptstraße",POINT (10.8022425 53.2651088)
765,node,278243150,"Eimstorf, Ort",POINT (10.6828334 53.1862227)
767,node,369829358,Alte Salzstraße,POINT (10.4557029 53.3507868)
768,node,2332372283,Artlenburger Landstraße,POINT (10.4274564 53.2794438)
780,node,2406061692,Bockelheide,POINT (10.6403465 53.2810053)
786,node,317676997,"Wittorf, Birkenweg",POINT (10.355069 53.3270942)
788,node,8245152809,Veilchenring,POINT (10.3723079 53.2104621)
791,node,433017861,"Horburg, Im Winkel",POINT (10.3944561 53.3597796)
793,node,362093968,"Horburg, Schule",POINT (10.4036105 53.3540064)
795,node,582947071,"St. Dionys, Gotenweg",POINT (10.397319 53.3352977)
797,node,2370520897,"Artlenburg, Hopfenhof",POINT (10.4862852 53.3725339)
800,node,275639229,"Barförde, Barförder Elbdeich 22",POINT (10.6282233 53.3678943)
802,node,774862471,"Dahlenburg, Mittelfeld",POINT (10.7237884 53.1914733)
803,node,8813390762,"Dahlenburg, Ehrenfriedhof",POINT (10.7314192 53.1888642)
808,node,1411319176,"Bockelkathen, Auf dem Kreuze",POINT (10.5691162 53.3029267)
810,node,206278990,"Lüdersburg, Bachkoppelweg",POINT (10.5722596 53.3102723)
812,node,290823730,"Rosenthal, Ortsmitte",POINT (10.6335663 53.3112261)
814,node,275648240,"Bleckeder Moor, Zweiter Moorweg",POINT (10.666641 53.2975978)
816,node,1067860447,"Karze, Am Rotdorn",POINT (10.6752663 53.3154938)
818,node,206278954,"Neu Jürgenstorf, Ort",POINT (10.6147204 53.3073398)
819,node,206278954,"Neu Jürgenstorf, Rosenthaler Weg",POINT (10.6168856 53.3075161)
821,node,3751608250,"Neu Neetze, Haus Nr. 50",POINT (10.6323779 53.301733)
823,node,287014411,"Garlstorf, Dorfstraße 36",POINT (10.676738 53.3499558)
825,node,513951024,"Garlstorf, Dorfstraße 68",POINT (10.6697376 53.3511113)
827,node,1720652175,"Radegast, Pferdekoppel",POINT (10.7071268 53.3533351)
828,node,410916180,"Radegast, Zum Kirchplatz",POINT (10.7246837 53.3451981)
830,node,482156873,"Radegast, Elbuferstraße 41",POINT (10.7162708 53.3479752)
833,node,1294141096,"Wendewisch, Hittberger Straße 59",POINT (10.6473268 53.3539936)
835,node,8991919413,"Wendewisch, Siedlung",POINT (10.6530073 53.3488213)
837,node,8716733466,"Barförde, Feuerwehr",POINT (10.6323104 53.3673472)
839,node,3245889306,"Barförde, Hinter den Höfen",POINT (10.6383729 53.3671791)
841,node,8718605728,"Garlstorf, Schmiede",POINT (10.6600421 53.3498813)
843,node,29539485,"Bullendorf, Brücke",POINT (10.566308 53.3447411)
845,node,260373655,"Hittbergen, Feldstraße",POINT (10.5950416 53.3443083)
847,node,290823842,"Hittbergen, Im Kamp",POINT (10.5810492 53.34497)
849,node,3882554551,"Hittbergen, Schönfeld",POINT (10.6152667 53.3642732)
853,node,7342250178,Wennekath 5,POINT (10.6242331 53.2365926)
855,node,324045717,Wennekath 8,POINT (10.6322698 53.236357)
858,node,1281368280,Süttorf,POINT (10.6354576 53.2479476)
864,node,286860553,Neu Bleckede,POINT (10.7471717 53.3024296)
865,node,314668739,"Dahlenburg, Fliederweg",POINT (10.7314217 53.1843821)
867,node,1711950728,"Lemgrabe, An der Kleinbahn",POINT (10.7134588 53.1769326)
869,node,289344634,Birkenhof,POINT (10.6980317 53.1972976)
870,node,1053087616,"Ellringen, Ellringer Neetzetal",POINT (10.703255 53.2234077)
872,node,1838536537,Klein Sommerbeck 15,POINT (10.6785795 53.2014664)
873,node,82615616,"Wiecheln, Abzweig K 26",POINT (10.6766872 53.2240294)
876,node,317372769,"Barskamp, Hohe Luft",POINT (10.7771277 53.2415976)
882,node,252229125,Feldstraße,POINT (10.3702017 53.2894336)
886,node,311593778,"Radbruch, Peerort",POINT (10.2918472 53.3168729)
887,node,7950259357,"Echem, Dorfstraße",POINT (10.5331709 53.3367656)
889,node,299136013,"Marienthal, Alte Salzstraße",POINT (10.4725373 53.3622633)
890,node,7466201289,"Radbruch, Mühle",POINT (10.3136963 53.3051747)
892,node,1938275557,"Radbruch, Wittorferweg",POINT (10.2941944 53.3087294)
894,node,393824226,"Bardowick, Wendeplatz",POINT (10.3559539 53.2938116)
897,node,7046503994,Hamburger Landstraße,POINT (10.3868997 53.2935428)
901,node,2697806584,"Artlenburg, Mühle",POINT (10.4989909 53.3687034)
903,node,356905909,"Dachtmissen, Waldweg",POINT (10.3162694 53.2523063)
904,node,7048403408,"Wittorf, Hauptstraße",POINT (10.3805995 53.3305839)
906,node,2537095340,"Wittorf, Brücke",POINT (10.3819406 53.3318132)
907,node,2536581848,"Wittorf, Neulander Weg",POINT (10.3646075 53.3293056)
909,node,7679492562,"Handorf, Mühle",POINT (10.3474554 53.338914)
911,node,880485710,"Handorf, Ortsmitte",POINT (10.345704 53.3435453)
912,node,294214964,"Vastorf, Gifkendorfer Straße",POINT (10.5461749 53.1974828)
913,node,278802893,"Vastorf, Bahnbrücke",POINT (10.5455513 53.2001171)
914,node,109348618,"Horndorf, Kreuzung B 216",POINT (10.587352 53.214515)
915,node,8526832480,"Rohstorf, Ort",POINT (10.5823456 53.2029603)
918,node,1851919318,Volkstorf,POINT (10.5459413 53.2062821)
919,node,121136981,Schule B,POINT (10.5371366 53.2254971)
925,node,82615634,"Ellringen, Kettelberg",POINT (10.7040434 53.2262198)
927,node,324243468,"Neetze, Am Ried",POINT (10.6198868 53.2734573)
930,node,1392485084,"Neu Jürgenstorf, Ahrenschulter",POINT (10.6240146 53.3161402)
932,node,290823737,"Rosenthal, L 219",POINT (10.6340671 53.3154685)
934,node,8935642944,Vogelsang 11,POINT (10.6507453 53.3241209)
936,node,8935642937,"Vogelsang, Ort",POINT (10.6596535 53.3242727)
938,node,275648241,"Bleckeder Moor, Heidmoor",POINT (10.6731644 53.2995353)
940,node,1825241579,"Bleckeder Moor, Fuchsweg",POINT (10.6903112 53.2923899)
942,node,287014402,"Garlstorf, Neu Brackede",POINT (10.6911641 53.348685)
944,node,287014402,"Brackede, Abzweig Garlstorf",POINT (10.6996707 53.3482567)
946,node,482156862,"Barförde, Poggenort",POINT (10.6433558 53.3604898)
948,node,3235803043,"Barförde, Elbdeich 15",POINT (10.6382803 53.3626705)
954,node,2376837835,Kirchgellerser Straße,POINT (10.2974503 53.2133454)
956,node,419327366,"Südergellersen, Stähwiesen",POINT (10.2971117 53.2160895)
958,node,265791156,"Kirchgellersen, Grundschule",POINT (10.2909644 53.2342138)
959,node,354956451,Dachtmisser Straße,POINT (10.3449053 53.250619)
961,node,665485671,"Amelinghausen, Bahnhof",POINT (10.2155574 53.1307291)
971,node,303148144,Tartuer Platz,POINT (10.4329656 53.2528511)
973,node,1417611429,"Wendhausen, Wendenstraße",POINT (10.5608855 53.2496753)
975,node,767330154,"Holzen, Op dan Brink",POINT (10.5827643 53.241263)
976,node,290823834,"Neu Neetze, Denker",POINT (10.6217631 53.2950977)
978,node,272772967,"Gienau, Wiebecker Straße",POINT (10.6644576 53.1645591)
981,node,317985403,Groß Sommerbeck 3,POINT (10.6808782 53.2047377)
984,node,1286011651,"Neu Neetze, Tennisclub",POINT (10.6168579 53.2867567)
987,node,6401544528,Konrad-Adenauer-Straße Ost,POINT (10.4451221 53.2312612)
